id,quote,value,time
0,GBPUSD,1.3346,05:08:30
0,GBPEUR,1.2091,05:08:32
0,GBPCAD,1.6928,05:08:35
0,GBPAUD,1.8135,05:08:38
0,GBPCHF,1.2261,05:08:41
0,BTCGBP,"31,009.74",05:08:44
0,EURUSD,1.1037,05:08:46
0,EURJPY,127.4291,05:08:49
0,EURCHF,1.0139,05:08:52
0,EURAUD,1.5000,05:08:55
0,BTCEUR,"37,483.80",05:08:58
0,USDCAD,1.2686,05:09:01
0,USDCHF,0.9187,05:09:04
0,USDAUD,1.3590,05:09:06
0,USDJPY,115.4435,05:09:09
0,BTCUSD,"41,379.70",05:09:12
0,INXINDEXSP,"4,363.49",05:09:15
0,DJIINDEXDJX,"33,794.66",05:09:18
0,GBPUSD,1.3347,05:09:21
0,GBPEUR,1.2090,05:09:24
0,GBPCAD,1.6930,05:09:27
0,GBPAUD,1.8139,05:09:30
0,GBPCHF,1.2258,05:09:32
0,BTCGBP,"31,005.19",05:09:36
0,EURUSD,1.1038,05:09:38
0,EURJPY,127.4253,05:09:41
0,EURCHF,1.0139,05:09:44
0,EURAUD,1.5001,05:09:47
0,BTCEUR,"37,483.80",05:09:50
0,USDCAD,1.2685,05:09:53
0,USDCHF,0.9185,05:09:56
0,USDAUD,1.3590,05:09:59
0,USDJPY,115.4435,05:10:01
0,BTCUSD,"41,379.70",05:10:04
0,INXINDEXSP,"4,363.49",05:10:07
0,DJIINDEXDJX,"33,794.66",05:10:10
0,GBPUSD,1.3345,05:10:14
0,GBPEUR,1.2091,05:10:16
0,GBPCAD,1.6929,05:10:19
0,GBPAUD,1.8136,05:10:22
0,GBPCHF,1.2259,05:10:25
0,BTCGBP,"31,040.26",05:10:28
0,EURUSD,1.1038,05:10:33
0,EURJPY,127.4414,05:10:35
0,EURCHF,1.0139,05:10:38
0,EURAUD,1.4999,05:10:41
0,BTCEUR,"37,526.20",05:10:44
0,USDCAD,1.2686,05:10:47
0,USDCHF,0.9185,05:10:50
0,USDAUD,1.3589,05:10:52
0,USDJPY,115.4570,05:10:55
0,BTCUSD,"41,426.50",05:10:58
0,INXINDEXSP,"4,363.49",05:11:01
0,DJIINDEXDJX,"33,794.66",05:11:04
0,GBPUSD,1.3345,05:11:07
0,GBPEUR,1.2092,05:11:10
0,GBPCAD,1.6930,05:11:13
0,GBPAUD,1.8133,05:11:16
0,GBPCHF,1.2259,05:11:19
0,BTCGBP,"31,040.26",05:11:22
0,EURUSD,1.1037,05:11:25
0,EURJPY,127.4345,05:11:27
0,EURCHF,1.0138,05:11:30
0,EURAUD,1.4998,05:11:34
0,BTCEUR,"37,535.31",05:11:37
0,USDCAD,1.2686,05:11:41
0,USDCHF,0.9185,05:11:45
0,USDAUD,1.3589,05:11:47
0,USDJPY,115.4570,05:11:51
0,BTCUSD,"41,426.50",05:11:54
0,INXINDEXSP,"4,363.49",05:11:56
0,DJIINDEXDJX,"33,794.66",05:12:00
0,GBPUSD,1.3345,05:12:06
0,GBPEUR,1.2091,05:12:10
0,GBPCAD,1.6927,05:12:14
0,GBPAUD,1.8130,05:12:17
0,GBPCHF,1.2258,05:12:20
0,BTCGBP,"31,040.26",05:12:23
0,EURUSD,1.1037,05:12:26
0,EURJPY,127.4351,05:12:29
0,EURCHF,1.0138,05:12:32
0,EURAUD,1.4998,05:12:35
0,BTCEUR,"37,535.31",05:12:38
0,USDCAD,1.2686,05:12:41
0,USDCHF,0.9186,05:12:43
0,USDAUD,1.3590,05:12:46
0,USDJPY,115.4520,05:12:49
0,BTCUSD,"41,426.50",05:12:52
0,INXINDEXSP,"4,363.49",05:12:55
0,DJIINDEXDJX,"33,794.66",05:12:58
0,GBPUSD,1.3345,05:13:01
0,GBPEUR,1.2092,05:13:04
0,GBPCAD,1.6929,05:13:06
0,GBPAUD,1.8136,05:13:09
0,GBPCHF,1.2258,05:13:12
0,BTCGBP,"31,040.26",05:13:15
0,EURUSD,1.1037,05:13:18
0,EURJPY,127.4125,05:13:21
0,EURCHF,1.0137,05:13:24
0,EURAUD,1.4998,05:13:26
0,BTCEUR,"37,537.38",05:13:29
0,USDCAD,1.2686,05:13:32
0,USDCHF,0.9186,05:13:35
0,USDAUD,1.3590,05:13:37
0,USDJPY,115.4520,05:13:40
0,BTCUSD,"41,426.50",05:13:43
0,INXINDEXSP,"4,363.49",05:13:46
0,DJIINDEXDJX,"33,794.66",05:13:49
0,GBPUSD,1.3345,05:13:52
0,GBPEUR,1.2092,05:13:55
0,GBPCAD,1.6928,05:13:57
0,GBPAUD,1.8133,05:14:00
0,GBPCHF,1.2258,05:14:03
0,BTCGBP,"31,041.91",05:14:06
0,EURUSD,1.1037,05:14:09
0,EURJPY,127.4284,05:14:11
0,EURCHF,1.0139,05:14:14
0,EURAUD,1.5000,05:14:17
0,BTCEUR,"37,537.38",05:14:20
0,USDCAD,1.2686,05:14:23
0,USDCHF,0.9186,05:14:26
0,USDAUD,1.3590,05:14:28
0,USDJPY,115.4520,05:14:32
0,BTCUSD,"41,426.50",05:14:35
0,INXINDEXSP,"4,363.49",05:14:38
0,DJIINDEXDJX,"33,794.66",05:14:41
0,GBPUSD,1.3346,05:14:44
0,GBPEUR,1.2093,05:14:47
0,GBPCAD,1.6930,05:14:49
0,GBPAUD,1.8133,05:14:52
0,GBPCHF,1.2259,05:14:55
0,BTCGBP,"31,041.91",05:14:58
0,EURUSD,1.1037,05:15:01
0,EURJPY,127.4483,05:15:03
0,EURCHF,1.0139,05:15:06
0,EURAUD,1.4996,05:15:09
0,BTCEUR,"37,529.51",05:15:12
0,USDCAD,1.2684,05:15:16
0,USDCHF,0.9186,05:15:19
0,USDAUD,1.3586,05:15:21
0,USDJPY,115.4700,05:15:24
0,BTCUSD,"41,426.50",05:15:27
0,INXINDEXSP,"4,363.49",05:15:29
0,DJIINDEXDJX,"33,794.66",05:15:33
0,GBPUSD,1.3346,05:15:36
0,GBPEUR,1.2091,05:15:38
0,GBPCAD,1.6928,05:15:41
0,GBPAUD,1.8131,05:15:44
0,GBPCHF,1.2259,05:15:47
0,BTCGBP,"31,019.21",05:15:50
0,EURUSD,1.1039,05:15:52
0,EURJPY,127.4644,05:15:55
0,EURCHF,1.0140,05:15:58
0,EURAUD,1.4998,05:16:01
0,BTCEUR,"37,502.06",05:16:04
0,USDCAD,1.2684,05:16:07
0,USDCHF,0.9186,05:16:10
0,USDAUD,1.3586,05:16:12
0,USDJPY,115.4700,05:16:15
0,BTCUSD,"41,396.20",05:16:18
0,INXINDEXSP,"4,363.49",05:16:21
0,DJIINDEXDJX,"33,794.66",05:16:24
0,GBPUSD,1.3346,05:16:27
0,GBPEUR,1.2092,05:16:29
0,GBPCAD,1.6929,05:16:32
0,GBPAUD,1.8131,05:16:35
0,GBPCHF,1.2260,05:16:38
0,BTCGBP,"31,014.24",05:16:41
0,EURUSD,1.1039,05:16:43
0,EURJPY,127.4512,05:16:46
0,EURCHF,1.0139,05:16:49
0,EURAUD,1.4995,05:16:52
0,BTCEUR,"37,502.06",05:16:55
0,USDCAD,1.2682,05:16:58
0,USDCHF,0.9185,05:17:01
0,USDAUD,1.3584,05:17:03
0,USDJPY,115.4580,05:17:06
0,BTCUSD,"41,396.20",05:17:09
0,INXINDEXSP,"4,363.49",05:17:12
0,DJIINDEXDJX,"33,794.66",05:17:15
0,GBPUSD,1.3347,05:17:18
0,GBPEUR,1.2093,05:17:20
0,GBPCAD,1.6929,05:17:23
0,GBPAUD,1.8131,05:17:26
0,GBPCHF,1.2259,05:17:29
0,BTCGBP,"31,014.24",05:17:32
0,EURUSD,1.1039,05:17:35
0,EURJPY,127.4495,05:17:38
0,EURCHF,1.0139,05:17:41
0,EURAUD,1.4995,05:17:44
0,BTCEUR,"37,505.37",05:17:47
0,USDCAD,1.2682,05:17:50
0,USDCHF,0.9185,05:17:53
0,USDAUD,1.3584,05:17:55
0,USDJPY,115.4580,05:17:58
0,BTCUSD,"41,396.20",05:18:01
0,INXINDEXSP,"4,363.49",05:18:04
0,DJIINDEXDJX,"33,794.66",05:18:07
0,GBPUSD,1.3347,05:18:09
0,GBPEUR,1.2092,05:18:12
0,GBPCAD,1.6929,05:18:15
0,GBPAUD,1.8135,05:18:18
0,GBPCHF,1.2259,05:18:21
0,BTCGBP,"31,016.10",05:18:24
0,EURUSD,1.1039,05:18:26
0,EURJPY,127.4384,05:18:29
0,EURCHF,1.0138,05:18:32
0,EURAUD,1.4995,05:18:35
0,BTCEUR,"37,498.75",05:18:38
0,USDCAD,1.2683,05:18:41
0,USDCHF,0.9185,05:18:43
0,USDAUD,1.3584,05:18:46
0,USDJPY,115.4480,05:18:49
0,BTCUSD,"41,396.20",05:18:52
0,INXINDEXSP,"4,363.49",05:18:55
0,DJIINDEXDJX,"33,794.66",05:18:58
0,GBPUSD,1.3347,05:19:01
0,GBPEUR,1.2091,05:19:04
0,GBPCAD,1.6929,05:19:07
0,GBPAUD,1.8132,05:19:10
0,GBPCHF,1.2255,05:19:13
0,BTCGBP,"31,016.10",05:19:16
0,EURUSD,1.1039,05:19:19
0,EURJPY,127.4355,05:19:21
0,EURCHF,1.0139,05:19:24
0,EURAUD,1.4996,05:19:27
0,BTCEUR,"37,498.75",05:19:30
0,USDCAD,1.2683,05:19:33
0,USDCHF,0.9185,05:19:36
0,USDAUD,1.3585,05:19:38
0,USDJPY,115.4480,05:19:41
0,BTCUSD,"41,396.20",05:19:44
0,INXINDEXSP,"4,363.49",05:19:47
0,DJIINDEXDJX,"33,794.66",05:19:50
0,GBPUSD,1.3347,05:19:53
0,GBPEUR,1.2092,05:19:56
0,GBPCAD,1.6929,05:19:59
0,GBPAUD,1.8131,05:20:02
0,GBPCHF,1.2255,05:20:05
0,BTCGBP,"31,016.10",05:20:08
0,EURUSD,1.1039,05:20:11
0,EURJPY,127.4396,05:20:14
0,EURCHF,1.0135,05:20:17
0,EURAUD,1.4996,05:20:20
0,BTCEUR,"37,498.75",05:20:23
0,USDCAD,1.2684,05:20:26
0,USDCHF,0.9181,05:20:29
0,USDAUD,1.3585,05:20:31
0,USDJPY,115.4450,05:20:36
0,BTCUSD,"41,396.20",05:20:40
0,INXINDEXSP,"4,363.49",05:20:42
0,DJIINDEXDJX,"33,794.66",05:20:46
0,GBPUSD,1.3346,05:20:49
0,GBPEUR,1.2091,05:20:53
0,GBPCAD,1.6928,05:20:57
0,GBPAUD,1.8133,05:21:00
0,GBPCHF,1.2254,05:21:03
0,BTCGBP,"31,007.26",05:21:06
0,EURUSD,1.1039,05:21:09
0,EURJPY,127.4300,05:21:11
0,EURCHF,1.0137,05:21:15
0,EURAUD,1.4996,05:21:17
0,BTCEUR,"37,504.96",05:21:20
0,USDCAD,1.2684,05:21:23
0,USDCHF,0.9181,05:21:27
0,USDAUD,1.3587,05:21:31
0,USDJPY,115.4450,05:21:33
0,BTCUSD,"41,384.40",05:21:36
0,INXINDEXSP,"4,363.49",05:21:39
0,DJIINDEXDJX,"33,794.66",05:21:42
0,GBPUSD,1.3346,05:21:45
0,GBPEUR,1.2091,05:21:48
0,GBPCAD,1.6928,05:21:51
0,GBPAUD,1.8133,05:21:54
0,GBPCHF,1.2255,05:21:56
0,BTCGBP,"31,007.26",05:21:59
0,EURUSD,1.1037,05:22:02
0,EURJPY,127.4201,05:22:05
0,EURCHF,1.0134,05:22:08
0,EURAUD,1.4996,05:22:10
0,BTCEUR,"37,504.96",05:22:13
0,USDCAD,1.2684,05:22:16
0,USDCHF,0.9181,05:22:19
0,USDAUD,1.3590,05:22:22
0,USDJPY,115.4450,05:22:25
0,BTCUSD,"41,384.40",05:22:27
0,INXINDEXSP,"4,363.49",05:22:30
0,DJIINDEXDJX,"33,794.66",05:22:34
0,GBPUSD,1.3346,05:22:37
0,GBPEUR,1.2093,05:22:39
0,GBPCAD,1.6929,05:22:43
0,GBPAUD,1.8137,05:22:47
0,GBPCHF,1.2254,05:22:50
0,BTCGBP,"31,006.52",05:22:53
0,EURUSD,1.1037,05:22:56
0,EURJPY,127.3845,05:22:59
0,EURCHF,1.0133,05:23:02
0,EURAUD,1.4997,05:23:05
0,BTCEUR,"37,500.47",05:23:08
0,USDCAD,1.2685,05:23:11
0,USDCHF,0.9181,05:23:14
0,USDAUD,1.3590,05:23:17
0,USDJPY,115.4340,05:23:19
0,BTCUSD,"41,384.40",05:23:22
0,INXINDEXSP,"4,363.49",05:23:25
0,DJIINDEXDJX,"33,794.66",05:23:28
0,GBPUSD,1.3346,05:23:33
0,GBPEUR,1.2094,05:23:38
0,GBPCAD,1.6930,05:23:43
0,GBPAUD,1.8139,05:23:46
0,GBPCHF,1.2254,05:23:48
0,BTCGBP,"31,006.52",05:23:51
0,EURUSD,1.1037,05:23:54
0,EURJPY,127.3852,05:23:56
0,EURCHF,1.0133,05:23:59
0,EURAUD,1.4997,05:24:02
0,BTCEUR,"37,500.47",05:24:05
0,USDCAD,1.2685,05:24:08
0,USDCHF,0.9182,05:24:11
0,USDAUD,1.3590,05:24:14
0,USDJPY,115.4340,05:24:17
0,BTCUSD,"41,384.40",05:24:19
0,INXINDEXSP,"4,363.49",05:24:22
0,DJIINDEXDJX,"33,794.66",05:24:25
0,GBPUSD,1.3346,05:24:28
0,GBPEUR,1.2095,05:24:31
0,GBPCAD,1.6930,05:24:33
0,GBPAUD,1.8138,05:24:36
0,GBPCHF,1.2255,05:24:39
0,BTCGBP,"31,007.47",05:24:42
0,EURUSD,1.1035,05:24:45
0,EURJPY,127.3827,05:24:48
0,EURCHF,1.0133,05:24:51
0,EURAUD,1.4997,05:24:54
0,BTCEUR,"37,503.37",05:24:57
0,USDCAD,1.2685,05:25:00
0,USDCHF,0.9182,05:25:03
0,USDAUD,1.3590,05:25:06
0,USDJPY,115.4310,05:25:09
0,BTCUSD,"41,384.40",05:25:11
0,INXINDEXSP,"4,363.49",05:25:15
0,DJIINDEXDJX,"33,794.66",05:25:19
0,GBPUSD,1.3347,05:25:23
0,GBPEUR,1.2095,05:25:26
0,GBPCAD,1.6930,05:25:28
0,GBPAUD,1.8138,05:25:31
0,GBPCHF,1.2255,05:25:34
0,BTCGBP,"30,981.17",05:25:37
0,EURUSD,1.1034,05:25:40
0,EURJPY,127.3755,05:25:43
0,EURCHF,1.0131,05:25:46
0,EURAUD,1.4995,05:25:50
0,BTCEUR,"37,471.56",05:25:54
0,USDCAD,1.2685,05:25:57
0,USDCHF,0.9182,05:26:00
0,USDAUD,1.3590,05:26:03
0,USDJPY,115.4310,05:26:06
0,BTCUSD,"41,349.30",05:26:09
0,INXINDEXSP,"4,363.49",05:26:12
0,DJIINDEXDJX,"33,794.66",05:26:16
0,GBPUSD,1.3347,05:26:20
0,GBPEUR,1.2096,05:26:23
0,GBPCAD,1.6928,05:26:27
0,GBPAUD,1.8136,05:26:29
0,GBPCHF,1.2255,05:26:32
0,BTCGBP,"30,980.96",05:26:35
0,EURUSD,1.1034,05:26:38
0,EURJPY,127.3709,05:26:41
0,EURCHF,1.0132,05:26:44
0,EURAUD,1.4998,05:26:47
0,BTCEUR,"37,471.56",05:26:51
0,USDCAD,1.2685,05:26:55
0,USDCHF,0.9183,05:26:58
0,USDAUD,1.3590,05:27:00
0,USDJPY,115.4360,05:27:03
0,BTCUSD,"41,349.30",05:27:06
0,INXINDEXSP,"4,363.49",05:27:09
0,DJIINDEXDJX,"33,794.66",05:27:12
0,GBPUSD,1.3345,05:27:15
0,GBPEUR,1.2096,05:27:18
0,GBPCAD,1.6928,05:27:20
0,GBPAUD,1.8136,05:27:23
0,GBPCHF,1.2254,05:27:26
0,BTCGBP,"30,980.96",05:27:29
0,EURUSD,1.1034,05:27:32
0,EURJPY,127.3709,05:27:34
0,EURCHF,1.0131,05:27:38
0,EURAUD,1.4996,05:27:41
0,BTCEUR,"37,479.01",05:27:45
0,USDCAD,1.2686,05:27:49
0,USDCHF,0.9183,05:27:51
0,USDAUD,1.3591,05:27:54
0,USDJPY,115.4360,05:27:57
0,BTCUSD,"41,349.30",05:28:00
0,INXINDEXSP,"4,363.49",05:28:03
0,DJIINDEXDJX,"33,794.66",05:28:06
0,GBPUSD,1.3345,05:28:09
0,GBPEUR,1.2096,05:28:12
0,GBPCAD,1.6930,05:28:15
0,GBPAUD,1.8138,05:28:17
0,GBPCHF,1.2254,05:28:20
0,BTCGBP,"30,986.96",05:28:23
0,EURUSD,1.1033,05:28:27
0,EURJPY,127.3575,05:28:31
0,EURCHF,1.0130,05:28:34
0,EURAUD,1.4996,05:28:37
0,BTCEUR,"37,479.42",05:28:40
0,USDCAD,1.2686,05:28:43
0,USDCHF,0.9183,05:28:46
0,USDAUD,1.3592,05:28:48
0,USDJPY,115.4360,05:28:51
0,BTCUSD,"41,349.30",05:28:54
0,INXINDEXSP,"4,363.49",05:28:57
0,DJIINDEXDJX,"33,794.66",05:29:00
0,GBPUSD,1.3344,05:29:03
0,GBPEUR,1.2095,05:29:06
0,GBPCAD,1.6928,05:29:09
0,GBPAUD,1.8137,05:29:12
0,GBPCHF,1.2253,05:29:15
0,BTCGBP,"30,986.96",05:29:17
0,EURUSD,1.1033,05:29:21
0,EURJPY,127.3425,05:29:25
0,EURCHF,1.0130,05:29:28
0,EURAUD,1.4996,05:29:31
0,BTCEUR,"37,479.42",05:29:34
0,USDCAD,1.2687,05:29:37
0,USDCHF,0.9182,05:29:40
0,USDAUD,1.3592,05:29:43
0,USDJPY,115.4225,05:29:46
0,BTCUSD,"41,349.30",05:29:49
0,INXINDEXSP,"4,363.49",05:29:51
0,DJIINDEXDJX,"33,794.66",05:29:54
0,GBPUSD,1.3344,05:29:57
0,GBPEUR,1.2096,05:30:00
0,GBPCAD,1.6929,05:30:04
0,GBPAUD,1.8138,05:30:08
0,GBPCHF,1.2253,05:30:11
0,BTCGBP,"30,973.09",05:30:14
0,EURUSD,1.1032,05:30:17
0,EURJPY,127.3312,05:30:20
0,EURCHF,1.0130,05:30:22
0,EURAUD,1.4996,05:30:26
0,BTCEUR,"37,462.65",05:30:29
0,USDCAD,1.2687,05:30:31
0,USDCHF,0.9182,05:30:35
0,USDAUD,1.3593,05:30:38
0,USDJPY,115.4170,05:30:41
0,BTCUSD,"41,330.80",05:30:44
0,INXINDEXSP,"4,363.49",05:30:48
0,DJIINDEXDJX,"33,794.66",05:30:52
0,GBPUSD,1.3344,05:30:55
0,GBPEUR,1.2095,05:30:58
0,GBPCAD,1.6928,05:31:01
0,GBPAUD,1.8138,05:31:04
0,GBPCHF,1.2252,05:31:07
0,BTCGBP,"30,973.09",05:31:10
0,EURUSD,1.1032,05:31:12
0,EURJPY,127.3315,05:31:16
0,EURCHF,1.0130,05:31:20
0,EURAUD,1.4995,05:31:24
0,BTCEUR,"37,464.30",05:31:27
0,USDCAD,1.2687,05:31:29
0,USDCHF,0.9182,05:31:32
0,USDAUD,1.3593,05:31:35
0,USDJPY,115.4170,05:31:39
0,BTCUSD,"41,330.80",05:31:42
0,INXINDEXSP,"4,363.49",05:31:46
0,DJIINDEXDJX,"33,794.66",05:31:49
0,GBPUSD,1.3344,05:31:53
0,GBPEUR,1.2095,05:31:58
0,GBPCAD,1.6928,05:32:01
0,GBPAUD,1.8133,05:32:04
0,GBPCHF,1.2253,05:32:06
0,BTCGBP,"30,974.75",05:32:09
0,EURUSD,1.1031,05:32:12
0,EURJPY,127.3223,05:32:15
0,EURCHF,1.0130,05:32:21
0,EURAUD,1.4992,05:32:26
0,BTCEUR,"37,464.30",05:32:29
0,USDCAD,1.2686,05:32:33
0,USDCHF,0.9183,05:32:36
0,USDAUD,1.3590,05:32:39
0,USDJPY,115.4410,05:32:43
0,BTCUSD,"41,330.80",05:32:46
0,INXINDEXSP,"4,363.49",05:32:52
0,DJIINDEXDJX,"33,794.66",05:32:55
0,GBPUSD,1.3342,05:32:58
0,GBPEUR,1.2094,05:33:01
0,GBPCAD,1.6924,05:33:04
0,GBPAUD,1.8132,05:33:07
0,GBPCHF,1.2254,05:33:09
0,BTCGBP,"30,974.75",05:33:12
0,EURUSD,1.1031,05:33:15
0,EURJPY,127.3520,05:33:18
0,EURCHF,1.0132,05:33:21
0,EURAUD,1.4992,05:33:24
0,BTCEUR,"37,464.30",05:33:26
0,USDCAD,1.2686,05:33:29
0,USDCHF,0.9183,05:33:32
0,USDAUD,1.3590,05:33:35
0,USDJPY,115.4410,05:33:38
0,BTCUSD,"41,330.80",05:33:41
0,INXINDEXSP,"4,363.49",05:33:43
0,DJIINDEXDJX,"33,794.66",05:33:46
0,GBPUSD,1.3342,05:33:49
0,GBPEUR,1.2095,05:33:52
0,GBPCAD,1.6924,05:33:55
0,GBPAUD,1.8133,05:33:58
0,GBPCHF,1.2254,05:34:01
0,BTCGBP,"30,975.37",05:34:04
0,EURUSD,1.1031,05:34:06
0,EURJPY,127.3520,05:34:09
0,EURCHF,1.0131,05:34:12
0,EURAUD,1.4993,05:34:15
0,BTCEUR,"37,465.54",05:34:19
0,USDCAD,1.2684,05:34:22
0,USDCHF,0.9184,05:34:25
0,USDAUD,1.3590,05:34:28
0,USDJPY,115.4410,05:34:31
0,BTCUSD,"41,330.80",05:34:34
0,INXINDEXSP,"4,363.49",05:34:36
0,DJIINDEXDJX,"33,794.66",05:34:40
0,GBPUSD,1.3342,05:34:43
0,GBPEUR,1.2095,05:34:47
0,GBPCAD,1.6924,05:34:50
0,GBPAUD,1.8134,05:34:53
0,GBPCHF,1.2254,05:34:55
0,BTCGBP,"30,975.37",05:34:58
0,EURUSD,1.1031,05:35:02
0,EURJPY,127.3469,05:35:06
0,EURCHF,1.0131,05:35:10
0,EURAUD,1.4993,05:35:12
0,BTCEUR,"37,531.44",05:35:16
0,USDCAD,1.2684,05:35:19
0,USDCHF,0.9184,05:35:22
0,USDAUD,1.3592,05:35:25
0,USDJPY,115.4430,05:35:27
0,BTCUSD,"41,403.50",05:35:30
0,INXINDEXSP,"4,363.49",05:35:33
0,DJIINDEXDJX,"33,794.66",05:35:36
0,GBPUSD,1.3341,05:35:39
0,GBPEUR,1.2097,05:35:42
0,GBPCAD,1.6923,05:35:45
0,GBPAUD,1.8133,05:35:48
0,GBPCHF,1.2253,05:35:51
0,BTCGBP,"31,029.85",05:35:54
0,EURUSD,1.1029,05:35:57
0,EURJPY,127.3180,05:36:00
0,EURCHF,1.0129,05:36:04
0,EURAUD,1.4990,05:36:06
0,BTCEUR,"37,541.80",05:36:09
0,USDCAD,1.2685,05:36:13
0,USDCHF,0.9184,05:36:17
0,USDAUD,1.3592,05:36:20
0,USDJPY,115.4425,05:36:23
0,BTCUSD,"41,403.50",05:36:26
0,INXINDEXSP,"4,363.49",05:36:29
0,DJIINDEXDJX,"33,794.66",05:36:32
0,GBPUSD,1.3341,05:36:36
0,GBPEUR,1.2096,05:36:40
0,GBPCAD,1.6924,05:36:43
0,GBPAUD,1.8138,05:36:45
0,GBPCHF,1.2253,05:36:48
0,BTCGBP,"31,036.68",05:36:51
0,EURUSD,1.1029,05:36:54
0,EURJPY,127.3175,05:36:56
0,EURCHF,1.0130,05:37:00
0,EURAUD,1.4995,05:37:02
0,BTCEUR,"37,541.80",05:37:05
0,USDCAD,1.2685,05:37:08
0,USDCHF,0.9185,05:37:11
0,USDAUD,1.3596,05:37:14
0,USDJPY,115.4425,05:37:18
0,BTCUSD,"41,403.50",05:37:21
0,INXINDEXSP,"4,363.49",05:37:24
0,DJIINDEXDJX,"33,794.66",05:37:27
0,GBPUSD,1.3341,05:37:30
0,GBPEUR,1.2097,05:37:32
0,GBPCAD,1.6924,05:37:35
0,GBPAUD,1.8138,05:37:39
0,GBPCHF,1.2254,05:37:43
0,BTCGBP,"31,036.68",05:37:46
0,EURUSD,1.1028,05:37:49
0,EURJPY,127.3158,05:37:52
0,EURCHF,1.0130,05:37:55
0,EURAUD,1.4995,05:37:58
0,BTCEUR,"37,542.62",05:38:01
0,USDCAD,1.2690,05:38:03
0,USDCHF,0.9186,05:38:07
0,USDAUD,1.3596,05:38:10
0,USDJPY,115.4425,05:38:14
0,BTCUSD,"41,403.50",05:38:17
0,INXINDEXSP,"4,363.49",05:38:20
0,DJIINDEXDJX,"33,794.66",05:38:22
0,GBPUSD,1.3340,05:38:26
0,GBPEUR,1.2096,05:38:28
0,GBPCAD,1.6927,05:38:31
0,GBPAUD,1.8137,05:38:35
0,GBPCHF,1.2253,05:38:38
0,BTCGBP,"31,038.13",05:38:42
0,EURUSD,1.1028,05:38:45
0,EURJPY,127.3215,05:38:47
0,EURCHF,1.0130,05:38:50
0,EURAUD,1.4995,05:38:53
0,BTCEUR,"37,542.62",05:38:56
0,USDCAD,1.2690,05:39:00
0,USDCHF,0.9186,05:39:02
0,USDAUD,1.3596,05:39:05
0,USDJPY,115.4435,05:39:10
0,BTCUSD,"41,403.50",05:39:14
0,INXINDEXSP,"4,363.49",05:39:18
0,DJIINDEXDJX,"33,794.66",05:39:21
0,GBPUSD,1.3340,05:39:23
0,GBPEUR,1.2096,05:39:26
0,GBPCAD,1.6928,05:39:29
0,GBPAUD,1.8137,05:39:32
0,GBPCHF,1.2255,05:39:35
0,BTCGBP,"31,038.13",05:39:38
0,EURUSD,1.1031,05:39:41
0,EURJPY,127.3417,05:39:44
0,EURCHF,1.0132,05:39:47
0,EURAUD,1.4998,05:39:50
0,BTCEUR,"37,507.43",05:39:56
0,USDCAD,1.2689,05:40:01
0,USDCHF,0.9186,05:40:06
0,USDAUD,1.3596,05:40:09
0,USDJPY,115.4435,05:40:12
0,BTCUSD,"41,324.10",05:40:16
0,INXINDEXSP,"4,363.49",05:40:19
0,DJIINDEXDJX,"33,794.66",05:40:22
0,GBPUSD,1.3341,05:40:26
0,GBPEUR,1.2095,05:40:28
0,GBPCAD,1.6929,05:40:31
0,GBPAUD,1.8140,05:40:34
0,GBPCHF,1.2255,05:40:37
0,BTCGBP,"30,974.69",05:40:40
0,EURUSD,1.1031,05:40:43
0,EURJPY,127.3417,05:40:46
0,EURCHF,1.0132,05:40:48
0,EURAUD,1.4997,05:40:51
0,BTCEUR,"37,435.50",05:40:54
0,USDCAD,1.2689,05:40:57
0,USDCHF,0.9185,05:41:00
0,USDAUD,1.3596,05:41:02
0,USDJPY,115.4400,05:41:05
0,BTCUSD,"41,324.10",05:41:08
0,INXINDEXSP,"4,363.49",05:41:11
0,DJIINDEXDJX,"33,794.66",05:41:14
0,GBPUSD,1.3341,05:41:17
0,GBPEUR,1.2095,05:41:20
0,GBPCAD,1.6929,05:41:23
0,GBPAUD,1.8140,05:41:26
0,GBPCHF,1.2255,05:41:29
0,BTCGBP,"30,974.69",05:41:31
0,EURUSD,1.1030,05:41:35
0,EURJPY,127.3300,05:41:38
0,EURCHF,1.0132,05:41:41
0,EURAUD,1.4996,05:41:44
0,BTCEUR,"37,465.26",05:41:47
0,USDCAD,1.2689,05:41:49
0,USDCHF,0.9186,05:41:52
0,USDAUD,1.3596,05:41:55
0,USDJPY,115.4400,05:41:58
0,BTCUSD,"41,324.10",05:42:01
0,INXINDEXSP,"4,363.49",05:42:04
0,DJIINDEXDJX,"33,794.66",05:42:07
0,GBPUSD,1.3341,05:42:10
0,GBPEUR,1.2095,05:42:13
0,GBPCAD,1.6930,05:42:16
0,GBPAUD,1.8140,05:42:18
0,GBPCHF,1.2255,05:42:21
0,BTCGBP,"30,975.96",05:42:24
0,EURUSD,1.1030,05:42:27
0,EURJPY,127.3425,05:42:30
0,EURCHF,1.0132,05:42:32
0,EURAUD,1.4998,05:42:35
0,BTCEUR,"37,465.26",05:42:38
0,USDCAD,1.2690,05:42:41
0,USDCHF,0.9186,05:42:45
0,USDAUD,1.3597,05:42:49
0,USDJPY,115.4630,05:42:52
0,BTCUSD,"41,324.10",05:42:55
0,INXINDEXSP,"4,363.49",05:42:58
0,DJIINDEXDJX,"33,794.66",05:43:01
0,GBPUSD,1.3340,05:43:05
0,GBPEUR,1.2096,05:43:08
0,GBPCAD,1.6930,05:43:11
0,GBPAUD,1.8138,05:43:13
0,GBPCHF,1.2255,05:43:16
0,BTCGBP,"30,975.96",05:43:19
0,EURUSD,1.1030,05:43:22
0,EURJPY,127.3551,05:43:25
0,EURCHF,1.0132,05:43:28
0,EURAUD,1.4998,05:43:31
0,BTCEUR,"37,465.26",05:43:34
0,USDCAD,1.2691,05:43:37
0,USDCHF,0.9187,05:43:40
0,USDAUD,1.3597,05:43:43
0,USDJPY,115.4630,05:43:46
0,BTCUSD,"41,324.10",05:43:49
0,INXINDEXSP,"4,363.49",05:43:52
0,DJIINDEXDJX,"33,794.66",05:43:56
0,GBPUSD,1.3340,05:44:00
0,GBPEUR,1.2095,05:44:03
0,GBPCAD,1.6931,05:44:06
0,GBPAUD,1.8138,05:44:09
0,GBPCHF,1.2256,05:44:12
0,BTCGBP,"30,976.34",05:44:15
0,EURUSD,1.1029,05:44:18
0,EURJPY,127.3550,05:44:20
0,EURCHF,1.0133,05:44:24
0,EURAUD,1.4996,05:44:28
0,BTCEUR,"37,466.91",05:44:32
0,USDCAD,1.2691,05:44:34
0,USDCHF,0.9187,05:44:37
0,USDAUD,1.3597,05:44:40
0,USDJPY,115.4630,05:44:43
0,BTCUSD,"41,324.10",05:44:46
0,INXINDEXSP,"4,363.49",05:44:49
0,DJIINDEXDJX,"33,794.66",05:44:54
0,GBPUSD,1.3339,05:44:57
0,GBPEUR,1.2094,05:45:00
0,GBPCAD,1.6930,05:45:03
0,GBPAUD,1.8137,05:45:06
0,GBPCHF,1.2255,05:45:09
0,BTCGBP,"30,965.32",05:45:11
0,EURUSD,1.1029,05:45:14
0,EURJPY,127.4756,05:45:17
0,EURCHF,1.0140,05:45:20
0,EURAUD,1.5007,05:45:23
0,BTCEUR,"37,453.58",05:45:26
0,USDCAD,1.2694,05:45:29
0,USDCHF,0.9187,05:45:32
0,USDAUD,1.3596,05:45:35
0,USDJPY,115.4930,05:45:38
0,BTCUSD,"41,309.40",05:45:40
0,INXINDEXSP,"4,363.49",05:45:43
0,DJIINDEXDJX,"33,794.66",05:45:47
0,GBPUSD,1.3340,05:45:51
0,GBPEUR,1.2094,05:45:54
0,GBPCAD,1.6932,05:45:58
0,GBPAUD,1.8141,05:46:01
0,GBPCHF,1.2255,05:46:03
0,BTCGBP,"30,965.32",05:46:06
0,EURUSD,1.1029,05:46:09
0,EURJPY,127.3830,05:46:12
0,EURCHF,1.0133,05:46:15
0,EURAUD,1.4996,05:46:18
0,BTCEUR,"37,426.32",05:46:21
0,USDCAD,1.2694,05:46:24
0,USDCHF,0.9187,05:46:28
0,USDAUD,1.3596,05:46:32
0,USDJPY,115.4930,05:46:35
0,BTCUSD,"41,309.40",05:46:37
0,INXINDEXSP,"4,363.49",05:46:40
0,DJIINDEXDJX,"33,794.66",05:46:43
0,GBPUSD,1.3340,05:46:46
0,GBPEUR,1.2094,05:46:49
0,GBPCAD,1.6932,05:46:52
0,GBPAUD,1.8141,05:46:55
0,GBPCHF,1.2256,05:46:58
0,BTCGBP,"30,968.31",05:47:01
0,EURUSD,1.1029,05:47:03
0,EURJPY,127.3700,05:47:08
0,EURCHF,1.0133,05:47:11
0,EURAUD,1.5000,05:47:14
0,BTCEUR,"37,465.56",05:47:17
0,USDCAD,1.2694,05:47:20
0,USDCHF,0.9187,05:47:25
0,USDAUD,1.3602,05:47:29
0,USDJPY,115.4655,05:47:32
0,BTCUSD,"41,309.40",05:47:36
0,INXINDEXSP,"4,363.49",05:47:40
0,DJIINDEXDJX,"33,794.66",05:47:44
0,GBPUSD,1.3339,05:47:50
0,GBPEUR,1.2097,05:47:53
0,GBPCAD,1.6932,05:47:56
0,GBPAUD,1.8143,05:48:01
0,GBPCHF,1.2254,05:48:04
0,BTCGBP,"30,979.98",05:48:07
0,EURUSD,1.1026,05:48:11
0,EURJPY,127.3111,05:48:14
0,EURCHF,1.0129,05:48:18
0,EURAUD,1.4996,05:48:21
0,BTCEUR,"37,465.56",05:48:25
0,USDCAD,1.2694,05:48:29
0,USDCHF,0.9187,05:48:32
0,USDAUD,1.3604,05:48:37
0,USDJPY,115.4655,05:48:40
0,BTCUSD,"41,309.40",05:48:43
0,INXINDEXSP,"4,363.49",05:48:48
0,DJIINDEXDJX,"33,794.66",05:48:52
0,GBPUSD,1.3339,05:48:57
0,GBPEUR,1.2095,05:49:00
0,GBPCAD,1.6930,05:49:04
0,GBPAUD,1.8140,05:49:07
0,GBPCHF,1.2253,05:49:10
0,BTCGBP,"30,979.98",05:49:14
0,EURUSD,1.1026,05:49:17
0,EURJPY,127.3000,05:49:20
0,EURCHF,1.0131,05:49:23
0,EURAUD,1.4999,05:49:26
0,BTCEUR,"37,467.21",05:49:29
0,USDCAD,1.2696,05:49:32
0,USDCHF,0.9189,05:49:35
0,USDAUD,1.3604,05:49:38
0,USDJPY,115.4635,05:49:41
0,BTCUSD,"41,309.40",05:49:44
0,INXINDEXSP,"4,363.49",05:49:47
0,DJIINDEXDJX,"33,794.66",05:49:51
0,GBPUSD,1.3336,05:49:56
0,GBPEUR,1.2095,05:50:00
0,GBPCAD,1.6931,05:50:05
0,GBPAUD,1.8144,05:50:09
0,GBPCHF,1.2253,05:50:12
0,BTCGBP,"30,955.09",05:50:14
0,EURUSD,1.1025,05:50:17
0,EURJPY,127.3037,05:50:20
0,EURCHF,1.0131,05:50:23
0,EURAUD,1.5001,05:50:26
0,BTCEUR,"37,437.10",05:50:29
0,USDCAD,1.2696,05:50:32
0,USDCHF,0.9188,05:50:35
0,USDAUD,1.3605,05:50:37
0,USDJPY,115.4635,05:50:41
0,BTCUSD,"41,276.20",05:50:45
0,INXINDEXSP,"4,363.49",05:50:48
0,DJIINDEXDJX,"33,794.66",05:50:51
0,GBPUSD,1.3337,05:50:55
0,GBPEUR,1.2096,05:50:57
0,GBPCAD,1.6932,05:51:00
0,GBPAUD,1.8145,05:51:03
0,GBPCHF,1.2253,05:51:06
0,BTCGBP,"30,950.96",05:51:09
0,EURUSD,1.1025,05:51:12
0,EURJPY,127.3700,05:51:14
0,EURCHF,1.0131,05:51:17
0,EURAUD,1.5000,05:51:20
0,BTCEUR,"37,437.10",05:51:23
0,USDCAD,1.2696,05:51:26
0,USDCHF,0.9188,05:51:29
0,USDAUD,1.3605,05:51:31
0,USDJPY,115.4780,05:51:35
0,BTCUSD,"41,276.20",05:51:37
0,INXINDEXSP,"4,363.49",05:51:40
0,DJIINDEXDJX,"33,794.66",05:51:43
0,GBPUSD,1.3337,05:51:46
0,GBPEUR,1.2097,05:51:49
0,GBPCAD,1.6931,05:51:52
0,GBPAUD,1.8142,05:51:55
0,GBPCHF,1.2254,05:51:58
0,BTCGBP,"30,950.96",05:52:01
0,EURUSD,1.1025,05:52:03
0,EURJPY,127.3050,05:52:06
0,EURCHF,1.0131,05:52:09
0,EURAUD,1.4997,05:52:12
0,BTCEUR,"37,437.10",05:52:15
0,USDCAD,1.2696,05:52:18
0,USDCHF,0.9188,05:52:21
0,USDAUD,1.3605,05:52:23
0,USDJPY,115.4780,05:52:26
0,BTCUSD,"41,276.20",05:52:29
0,INXINDEXSP,"4,363.49",05:52:32
0,DJIINDEXDJX,"33,794.66",05:52:35
0,GBPUSD,1.3336,05:52:38
0,GBPEUR,1.2096,05:52:41
0,GBPCAD,1.6930,05:52:44
0,GBPAUD,1.8144,05:52:47
0,GBPCHF,1.2253,05:52:51
0,BTCGBP,"30,950.96",05:52:54
0,EURUSD,1.1024,05:52:57
0,EURJPY,127.3050,05:52:59
0,EURCHF,1.0130,05:53:02
0,EURAUD,1.4998,05:53:05
0,BTCEUR,"37,441.64",05:53:08
0,USDCAD,1.2696,05:53:11
0,USDCHF,0.9189,05:53:14
0,USDAUD,1.3604,05:53:17
0,USDJPY,115.4620,05:53:20
0,BTCUSD,"41,276.20",05:53:23
0,INXINDEXSP,"4,363.49",05:53:25
0,DJIINDEXDJX,"33,794.66",05:53:28
0,GBPUSD,1.3336,05:53:31
0,GBPEUR,1.2096,05:53:35
0,GBPCAD,1.6930,05:53:37
0,GBPAUD,1.8143,05:53:40
0,GBPCHF,1.2254,05:53:43
0,BTCGBP,"30,955.09",05:53:46
0,EURUSD,1.1026,05:53:49
0,EURJPY,127.3038,05:53:52
0,EURCHF,1.0131,05:53:55
0,EURAUD,1.5000,05:53:58
0,BTCEUR,"37,433.39",05:54:00
0,USDCAD,1.2695,05:54:03
0,USDCHF,0.9189,05:54:06
0,USDAUD,1.3604,05:54:09
0,USDJPY,115.4620,05:54:12
0,BTCUSD,"41,276.20",05:54:15
0,INXINDEXSP,"4,363.49",05:54:17
0,DJIINDEXDJX,"33,794.66",05:54:20
0,GBPUSD,1.3336,05:54:23
0,GBPEUR,1.2094,05:54:26
0,GBPCAD,1.6930,05:54:29
0,GBPAUD,1.8145,05:54:32
0,GBPCHF,1.2255,05:54:35
0,BTCGBP,"30,955.09",05:54:38
0,EURUSD,1.1026,05:54:41
0,EURJPY,127.3115,05:54:44
0,EURCHF,1.0132,05:54:47
0,EURAUD,1.5002,05:54:50
0,BTCEUR,"37,433.39",05:54:52
0,USDCAD,1.2695,05:54:55
0,USDCHF,0.9191,05:54:58
0,USDAUD,1.3606,05:55:01
0,USDJPY,115.4670,05:55:04
0,BTCUSD,"41,375.30",05:55:07
0,INXINDEXSP,"4,363.49",05:55:10
0,DJIINDEXDJX,"33,794.66",05:55:13
0,GBPUSD,1.3336,05:55:16
0,GBPEUR,1.2096,05:55:19
0,GBPCAD,1.6931,05:55:22
0,GBPAUD,1.8145,05:55:24
0,GBPCHF,1.2257,05:55:28
0,BTCGBP,"31,029.41",05:55:31
0,EURUSD,1.1025,05:55:34
0,EURJPY,127.3023,05:55:37
0,EURCHF,1.0133,05:55:40
0,EURAUD,1.5001,05:55:43
0,BTCEUR,"37,528.64",05:55:46
0,USDCAD,1.2695,05:55:49
0,USDCHF,0.9191,05:55:51
0,USDAUD,1.3606,05:55:54
0,USDJPY,115.4670,05:55:57
0,BTCUSD,"41,375.30",05:56:00
0,INXINDEXSP,"4,363.49",05:56:02
0,DJIINDEXDJX,"33,794.66",05:56:05
0,GBPUSD,1.3336,05:56:08
0,GBPEUR,1.2096,05:56:11
0,GBPCAD,1.6930,05:56:14
0,GBPAUD,1.8143,05:56:17
0,GBPCHF,1.2257,05:56:20
0,BTCGBP,"31,026.30",05:56:23
0,EURUSD,1.1025,05:56:26
0,EURJPY,127.3012,05:56:29
0,EURCHF,1.0133,05:56:32
0,EURAUD,1.5001,05:56:35
0,BTCEUR,"37,528.64",05:56:38
0,USDCAD,1.2695,05:56:40
0,USDCHF,0.9190,05:56:44
0,USDAUD,1.3604,05:56:48
0,USDJPY,115.4670,05:56:53
0,BTCUSD,"41,375.30",05:56:58
0,INXINDEXSP,"4,363.49",05:57:01
0,DJIINDEXDJX,"33,794.66",05:57:06
0,GBPUSD,1.3335,05:57:09
0,GBPEUR,1.2096,05:57:11
0,GBPCAD,1.6930,05:57:14
0,GBPAUD,1.8142,05:57:17
0,GBPCHF,1.2256,05:57:20
0,BTCGBP,"31,026.30",05:57:22
0,EURUSD,1.1027,05:57:25
0,EURJPY,127.3241,05:57:28
0,EURCHF,1.0134,05:57:31
0,EURAUD,1.5001,05:57:34
0,BTCEUR,"37,523.51",05:57:37
0,USDCAD,1.2695,05:57:40
0,USDCHF,0.9190,05:57:43
0,USDAUD,1.3604,05:57:45
0,USDJPY,115.4710,05:57:48
0,BTCUSD,"41,375.30",05:57:51
0,INXINDEXSP,"4,363.49",05:57:54
0,DJIINDEXDJX,"33,794.66",05:57:57
0,GBPUSD,1.3335,05:58:00
0,GBPEUR,1.2095,05:58:03
0,GBPCAD,1.6930,05:58:06
0,GBPAUD,1.8142,05:58:09
0,GBPCHF,1.2256,05:58:11
0,BTCGBP,"31,024.11",05:58:14
0,EURUSD,1.1028,05:58:18
0,EURJPY,127.3472,05:58:21
0,EURCHF,1.0136,05:58:24
0,EURAUD,1.5003,05:58:28
0,BTCEUR,"37,523.51",05:58:34
0,USDCAD,1.2695,05:58:37
0,USDCHF,0.9190,05:58:40
0,USDAUD,1.3599,05:58:44
0,USDJPY,115.4710,05:58:47
0,BTCUSD,"41,375.30",05:58:51
0,INXINDEXSP,"4,363.49",05:58:55
0,DJIINDEXDJX,"33,794.66",05:58:58
0,GBPUSD,1.3338,05:59:02
0,GBPEUR,1.2096,05:59:05
0,GBPCAD,1.6931,05:59:08
0,GBPAUD,1.8138,05:59:12
0,GBPCHF,1.2258,05:59:15
0,BTCGBP,"31,024.11",05:59:18
0,EURUSD,1.1028,05:59:23
0,EURJPY,127.3335,05:59:26
0,EURCHF,1.0136,05:59:30
0,EURAUD,1.4998,05:59:35
0,BTCEUR,"37,523.51",05:59:38
0,USDCAD,1.2695,05:59:41
0,USDCHF,0.9191,05:59:46
0,USDAUD,1.3599,05:59:51
0,USDJPY,115.4700,05:59:56
0,BTCUSD,"41,375.30",05:59:59
0,INXINDEXSP,"4,363.49",06:00:02
0,DJIINDEXDJX,"33,794.66",06:00:07
0,GBPUSD,1.3338,06:00:09
0,GBPEUR,1.2094,06:00:13
0,GBPCAD,1.6930,06:00:17
0,GBPAUD,1.8137,06:00:20
0,GBPCHF,1.2258,06:00:24
0,BTCGBP,"31,020.44",06:00:27
0,EURUSD,1.1028,06:00:30
0,EURJPY,127.3140,06:00:34
0,EURCHF,1.0136,06:00:36
0,EURAUD,1.4997,06:00:39
0,GBPUSD,1.3309,08:51:08
0,GBPEUR,1.2086,08:51:10
0,GBPCAD,1.6905,08:51:13
0,GBPAUD,1.8051,08:51:16
0,GBPCHF,1.2229,08:51:19
0,BTCGBP,"31,210.39",08:51:23
0,EURUSD,1.1010,08:51:27
0,EURJPY,127.0620,08:51:30
0,EURCHF,1.0116,08:51:33
0,EURAUD,1.4933,08:51:36
0,BTCEUR,"37,728.03",08:51:40
0,USDCAD,1.2702,08:51:43
0,USDCHF,0.9189,08:51:46
0,USDAUD,1.3564,08:51:49
0,USDJPY,115.4200,08:51:52
0,BTCUSD,"41,538.80",08:51:55
0,INXINDEXSP,"4,363.49",08:51:57
0,DJIINDEXDJX,"33,794.66",08:52:00
0,GBPUSD,1.3309,08:52:03
0,GBPEUR,1.2090,08:52:06
0,GBPCAD,1.6911,08:52:10
0,GBPAUD,1.8056,08:52:13
0,GBPCHF,1.2233,08:52:16
0,BTCGBP,"31,203.74",08:52:19
0,EURUSD,1.1009,08:52:22
0,EURJPY,127.0620,08:52:25
0,EURCHF,1.0117,08:52:28
0,EURAUD,1.4932,08:52:31
0,BTCEUR,"37,728.03",08:52:34
0,USDCAD,1.2702,08:52:37
0,USDCHF,0.9189,08:52:39
0,USDAUD,1.3564,08:52:42
0,USDJPY,115.4085,08:52:45
0,BTCUSD,"41,538.80",08:52:48
0,INXINDEXSP,"4,363.49",08:52:51
0,DJIINDEXDJX,"33,794.66",08:52:54
0,GBPUSD,1.3310,08:52:57
0,GBPEUR,1.2089,08:52:59
0,GBPCAD,1.6912,08:53:02
0,GBPAUD,1.8053,08:53:05
0,GBPCHF,1.2229,08:53:08
0,BTCGBP,"31,203.74",08:53:11
0,EURUSD,1.1009,08:53:14
0,EURJPY,127.0578,08:53:17
0,EURCHF,1.0116,08:53:20
0,EURAUD,1.4938,08:53:23
0,BTCEUR,"37,719.31",08:53:26
0,USDCAD,1.2707,08:53:29
0,USDCHF,0.9189,08:53:31
0,USDAUD,1.3564,08:53:34
0,USDJPY,115.4085,08:53:37
0,BTCUSD,"41,538.80",08:53:40
0,INXINDEXSP,"4,363.49",08:53:43
0,DJIINDEXDJX,"33,794.66",08:53:46
0,GBPUSD,1.3310,08:53:49
0,GBPEUR,1.2087,08:53:52
0,GBPCAD,1.6917,08:53:55
0,GBPAUD,1.8060,08:53:57
0,GBPCHF,1.2227,08:54:00
0,BTCGBP,"31,211.63",08:54:03
0,EURUSD,1.1013,08:54:06
0,EURJPY,127.0435,08:54:09
0,EURCHF,1.0117,08:54:12
0,EURAUD,1.4941,08:54:15
0,BTCEUR,"37,719.31",08:54:18
0,USDCAD,1.2707,08:54:20
0,USDCHF,0.9189,08:54:23
0,USDAUD,1.3569,08:54:26
0,USDJPY,115.4085,08:54:29
0,BTCUSD,"41,538.80",08:54:32
0,INXINDEXSP,"4,363.49",08:54:35
0,DJIINDEXDJX,"33,794.66",08:54:38
0,GBPUSD,1.3307,08:54:41
0,GBPEUR,1.2084,08:54:44
0,GBPCAD,1.6916,08:54:47
0,GBPAUD,1.8057,08:54:50
0,GBPCHF,1.2226,08:54:52
0,BTCGBP,"31,211.63",08:54:55
0,EURUSD,1.1010,08:54:58
0,EURJPY,127.0171,08:55:01
0,EURCHF,1.0115,08:55:04
0,EURAUD,1.4940,08:55:07
0,BTCEUR,"37,667.19",08:55:10
0,USDCAD,1.2712,08:55:13
0,USDCHF,0.9186,08:55:16
0,USDAUD,1.3569,08:55:19
0,USDJPY,115.3600,08:55:21
0,BTCUSD,"41,481.40",08:55:24
0,INXINDEXSP,"4,363.49",08:55:27
0,DJIINDEXDJX,"33,794.66",08:55:30
0,GBPUSD,1.3307,08:55:33
0,GBPEUR,1.2084,08:55:36
0,GBPCAD,1.6916,08:55:39
0,GBPAUD,1.8057,08:55:42
0,GBPCHF,1.2226,08:55:45
0,BTCGBP,"31,167.05",08:55:48
0,EURUSD,1.1012,08:55:51
0,EURJPY,127.0255,08:55:53
0,EURCHF,1.0116,08:55:56
0,EURAUD,1.4936,08:55:59
0,BTCEUR,"37,667.60",08:56:02
0,USDCAD,1.2712,08:56:05
0,USDCHF,0.9186,08:56:08
0,USDAUD,1.3563,08:56:11
0,USDJPY,115.3600,08:56:13
0,BTCUSD,"41,481.40",08:56:16
0,INXINDEXSP,"4,363.49",08:56:19
0,DJIINDEXDJX,"33,794.66",08:56:22
0,GBPUSD,1.3307,08:56:25
0,GBPEUR,1.2086,08:56:28
0,GBPCAD,1.6914,08:56:31
0,GBPAUD,1.8053,08:56:34
0,GBPCHF,1.2226,08:56:37
0,BTCGBP,"31,167.05",08:56:40
0,EURUSD,1.1012,08:56:43
0,EURJPY,127.0655,08:56:46
0,EURCHF,1.0118,08:56:49
0,EURAUD,1.4939,08:56:52
0,BTCEUR,"37,667.60",08:56:55
0,USDCAD,1.2710,08:56:57
0,USDCHF,0.9187,08:57:00
0,USDAUD,1.3563,08:57:03
0,USDJPY,115.3825,08:57:06
0,BTCUSD,"41,481.40",08:57:09
0,INXINDEXSP,"4,363.49",08:57:12
0,DJIINDEXDJX,"33,794.66",08:57:15
0,GBPUSD,1.3309,08:57:18
0,GBPEUR,1.2087,08:57:21
0,GBPCAD,1.6918,08:57:24
0,GBPAUD,1.8054,08:57:27
0,GBPCHF,1.2229,08:57:29
0,BTCGBP,"31,167.05",08:57:32
0,EURUSD,1.1012,08:57:35
0,EURJPY,127.0661,08:57:38
0,EURCHF,1.0118,08:57:41
0,EURAUD,1.4939,08:57:44
0,BTCEUR,"37,667.60",08:57:47
0,USDCAD,1.2710,08:57:50
0,USDCHF,0.9187,08:57:53
0,USDAUD,1.3565,08:57:55
0,USDJPY,115.3825,08:57:59
0,BTCUSD,"41,481.40",08:58:01
0,INXINDEXSP,"4,363.49",08:58:04
0,DJIINDEXDJX,"33,794.66",08:58:07
0,GBPUSD,1.3309,08:58:10
0,GBPEUR,1.2087,08:58:13
0,GBPCAD,1.6918,08:58:16
0,GBPAUD,1.8056,08:58:19
0,GBPCHF,1.2228,08:58:22
0,BTCGBP,"31,164.35",08:58:25
0,EURUSD,1.1013,08:58:28
0,EURJPY,127.0661,08:58:31
0,EURCHF,1.0118,08:58:34
0,EURAUD,1.4939,08:58:37
0,BTCEUR,"37,667.60",08:58:40
0,USDCAD,1.2710,08:58:42
0,USDCHF,0.9186,08:58:45
0,USDAUD,1.3565,08:58:48
0,USDJPY,115.3825,08:58:51
0,BTCUSD,"41,481.40",08:58:54
0,INXINDEXSP,"4,363.49",08:58:57
0,DJIINDEXDJX,"33,794.66",08:59:00
0,GBPUSD,1.3309,08:59:04
0,GBPEUR,1.2087,08:59:06
0,GBPCAD,1.6917,08:59:09
0,GBPAUD,1.8056,08:59:12
0,GBPCHF,1.2226,08:59:15
0,BTCGBP,"31,164.35",08:59:18
0,EURUSD,1.1013,08:59:21
0,EURJPY,127.0575,08:59:24
0,EURCHF,1.0116,08:59:26
0,EURAUD,1.4938,08:59:29
0,BTCEUR,"37,667.60",08:59:32
0,USDCAD,1.2710,08:59:35
0,USDCHF,0.9186,08:59:38
0,USDAUD,1.3565,08:59:41
0,USDJPY,115.3740,08:59:43
0,BTCUSD,"41,481.40",08:59:46
0,INXINDEXSP,"4,363.49",08:59:49
0,DJIINDEXDJX,"33,794.66",08:59:52
0,GBPUSD,1.3309,08:59:55
0,GBPEUR,1.2087,08:59:58
0,GBPCAD,1.6916,09:00:01
0,GBPAUD,1.8056,09:00:04
0,GBPCHF,1.2227,09:00:07
0,BTCGBP,"31,163.52",09:00:10
0,EURUSD,1.1012,09:00:12
0,EURJPY,127.0539,09:00:15
0,EURCHF,1.0116,09:00:18
0,EURAUD,1.4938,09:00:21
0,BTCEUR,"37,765.73",09:00:24
0,USDCAD,1.2710,09:00:27
0,USDCHF,0.9186,09:00:30
0,USDAUD,1.3565,09:00:33
0,USDJPY,115.3740,09:00:36
0,BTCUSD,"41,481.40",09:00:39
0,INXINDEXSP,"4,363.49",09:00:43
0,DJIINDEXDJX,"33,794.66",09:00:46
0,GBPUSD,1.3310,09:00:49
0,GBPEUR,1.2086,09:00:52
0,GBPCAD,1.6917,09:00:55
0,GBPAUD,1.8055,09:00:58
0,GBPCHF,1.2228,09:01:01
0,BTCGBP,"31,246.09",09:01:03
0,EURUSD,1.1012,09:01:06
0,EURJPY,127.0755,09:01:09
0,EURCHF,1.0119,09:01:12
0,EURAUD,1.4941,09:01:15
0,BTCEUR,"37,759.49",09:01:18
0,USDCAD,1.2709,09:01:21
0,USDCHF,0.9187,09:01:24
0,USDAUD,1.3565,09:01:26
0,USDJPY,115.3950,09:01:29
0,BTCUSD,"41,481.40",09:01:32
0,INXINDEXSP,"4,363.49",09:01:35
0,DJIINDEXDJX,"33,794.66",09:01:38
0,GBPUSD,1.3310,09:01:41
0,GBPEUR,1.2084,09:01:44
0,GBPCAD,1.6916,09:01:47
0,GBPAUD,1.8057,09:01:50
0,GBPCHF,1.2226,09:01:53
0,BTCGBP,"31,246.09",09:01:55
0,EURUSD,1.1015,09:01:59
0,EURJPY,127.1052,09:02:02
0,EURCHF,1.0119,09:02:05
0,EURAUD,1.4944,09:02:08
0,BTCEUR,"37,759.49",09:02:11
0,USDCAD,1.2709,09:02:14
0,USDCHF,0.9187,09:02:17
0,USDAUD,1.3567,09:02:20
0,USDJPY,115.3950,09:02:23
0,BTCUSD,"41,591.30",09:02:26
0,INXINDEXSP,"4,363.49",09:02:28
0,DJIINDEXDJX,"33,794.66",09:02:31
0,GBPUSD,1.3310,09:02:34
0,GBPEUR,1.2083,09:02:37
0,GBPCAD,1.6918,09:02:40
0,GBPAUD,1.8057,09:02:43
0,GBPCHF,1.2226,09:02:46
0,BTCGBP,"31,249.00",09:02:49
0,EURUSD,1.1016,09:02:52
0,EURJPY,127.1325,09:02:55
0,EURCHF,1.0118,09:02:58
0,EURAUD,1.4944,09:03:01
0,BTCEUR,"37,759.49",09:03:03
0,USDCAD,1.2711,09:03:06
0,USDCHF,0.9187,09:03:09
0,USDAUD,1.3567,09:03:12
0,USDJPY,115.4070,09:03:15
0,BTCUSD,"41,591.30",09:03:17
0,INXINDEXSP,"4,363.49",09:03:20
0,DJIINDEXDJX,"33,794.66",09:03:23
0,GBPUSD,1.3310,09:03:26
0,GBPEUR,1.2079,09:03:29
0,GBPCAD,1.6917,09:03:32
0,GBPAUD,1.8054,09:03:35
0,GBPCHF,1.2227,09:03:37
0,BTCGBP,"31,245.26",09:03:40
0,EURUSD,1.1019,09:03:43
0,EURJPY,127.1645,09:03:46
0,EURCHF,1.0118,09:03:49
0,EURAUD,1.4947,09:03:52
0,BTCEUR,"37,745.77",09:03:55
0,USDCAD,1.2711,09:03:58
0,USDCHF,0.9187,09:04:02
0,USDAUD,1.3565,09:04:04
0,USDJPY,115.4070,09:04:07
0,BTCUSD,"41,591.30",09:04:10
0,INXINDEXSP,"4,363.49",09:04:13
0,DJIINDEXDJX,"33,794.66",09:04:16
0,GBPUSD,1.3310,09:04:19
0,GBPEUR,1.2079,09:04:21
0,GBPCAD,1.6917,09:04:24
0,GBPAUD,1.8054,09:04:27
0,GBPCHF,1.2228,09:04:30
0,BTCGBP,"31,245.26",09:04:33
0,EURUSD,1.1018,09:04:36
0,EURJPY,127.1576,09:04:38
0,EURCHF,1.0123,09:04:41
0,EURAUD,1.4946,09:04:44
0,BTCEUR,"37,745.77",09:04:47
0,USDCAD,1.2711,09:04:50
0,USDCHF,0.9187,09:04:53
0,USDAUD,1.3565,09:04:56
0,USDJPY,115.4070,09:04:58
0,BTCUSD,"41,591.30",09:05:01
0,INXINDEXSP,"4,363.49",09:05:04
0,DJIINDEXDJX,"33,794.66",09:05:07
0,GBPUSD,1.3309,09:05:10
0,GBPEUR,1.2079,09:05:13
0,GBPCAD,1.6913,09:05:16
0,GBPAUD,1.8057,09:05:19
0,GBPCHF,1.2226,09:05:22
0,BTCGBP,"31,352.68",09:05:24
0,EURUSD,1.1018,09:05:27
0,EURJPY,127.1375,09:05:30
0,EURCHF,1.0122,09:05:33
0,EURAUD,1.4949,09:05:36
0,BTCEUR,"37,880.14",09:05:39
0,USDCAD,1.2710,09:05:42
0,USDCHF,0.9187,09:05:44
0,USDAUD,1.3568,09:05:47
0,USDJPY,115.3875,09:05:50
0,BTCUSD,"41,734.30",09:05:53
0,INXINDEXSP,"4,363.49",09:05:56
0,DJIINDEXDJX,"33,794.66",09:05:59
0,GBPUSD,1.3309,09:06:03
0,GBPEUR,1.2079,09:06:06
0,GBPCAD,1.6913,09:06:09
0,GBPAUD,1.8057,09:06:12
0,GBPCHF,1.2226,09:06:14
0,BTCGBP,"31,359.49",09:06:17
0,EURUSD,1.1017,09:06:20
0,EURJPY,127.1247,09:06:23
0,EURCHF,1.0120,09:06:26
0,EURAUD,1.4948,09:06:29
0,BTCEUR,"37,880.14",09:06:32
0,USDCAD,1.2710,09:06:35
0,USDCHF,0.9186,09:06:38
0,USDAUD,1.3568,09:06:41
0,USDJPY,115.3875,09:06:44
0,BTCUSD,"41,734.30",09:06:49
0,INXINDEXSP,"4,363.49",09:06:53
0,DJIINDEXDJX,"33,794.66",09:06:56
0,GBPUSD,1.3310,09:06:59
0,GBPEUR,1.2081,09:07:01
0,GBPCAD,1.6917,09:07:04
0,GBPAUD,1.8059,09:07:07
0,GBPCHF,1.2228,09:07:10
0,BTCGBP,"31,359.49",09:07:13
0,EURUSD,1.1017,09:07:16
0,EURJPY,127.1405,09:07:19
0,EURCHF,1.0124,09:07:23
0,EURAUD,1.4953,09:07:26
0,BTCEUR,"37,868.45",09:07:32
0,USDCAD,1.2710,09:07:35
0,USDCHF,0.9186,09:07:37
0,USDAUD,1.3568,09:07:40
0,USDJPY,115.3550,09:07:43
0,BTCUSD,"41,734.30",09:07:46
0,INXINDEXSP,"4,363.49",09:07:49
0,DJIINDEXDJX,"33,794.66",09:07:52
0,GBPUSD,1.3310,09:07:55
0,GBPEUR,1.2079,09:07:57
0,GBPCAD,1.6918,09:08:00
0,GBPAUD,1.8057,09:08:03
0,GBPCHF,1.2224,09:08:06
0,BTCGBP,"31,350.60",09:08:09
0,EURUSD,1.1022,09:08:14
0,EURJPY,127.1396,09:08:17
0,EURCHF,1.0119,09:08:20
0,EURAUD,1.4956,09:08:23
0,BTCEUR,"37,868.45",09:08:25
0,USDCAD,1.2709,09:08:28
0,USDCHF,0.9186,09:08:31
0,USDAUD,1.3567,09:08:34
0,USDJPY,115.3550,09:08:37
0,BTCUSD,"41,734.30",09:08:40
0,INXINDEXSP,"4,363.49",09:08:42
0,DJIINDEXDJX,"33,794.66",09:08:46
0,GBPUSD,1.3309,09:08:49
0,GBPEUR,1.2076,09:08:51
0,GBPCAD,1.6914,09:08:54
0,GBPAUD,1.8059,09:08:57
0,GBPCHF,1.2220,09:09:00
0,BTCGBP,"31,350.60",09:09:03
0,EURUSD,1.1021,09:09:06
0,EURJPY,127.1265,09:09:09
0,EURCHF,1.0119,09:09:12
0,EURAUD,1.4956,09:09:15
0,BTCEUR,"37,858.85",09:09:17
0,USDCAD,1.2709,09:09:20
0,USDCHF,0.9182,09:09:23
0,USDAUD,1.3570,09:09:27
0,USDJPY,115.3550,09:09:30
0,BTCUSD,"41,734.30",09:09:33
0,INXINDEXSP,"4,363.49",09:09:36
0,DJIINDEXDJX,"33,794.66",09:09:39
0,GBPUSD,1.3309,09:09:41
0,GBPEUR,1.2075,09:09:44
0,GBPCAD,1.6923,09:09:47
0,GBPAUD,1.8061,09:09:50
0,GBPCHF,1.2220,09:09:53
0,BTCGBP,"31,353.52",09:09:56
0,EURUSD,1.1021,09:09:59
0,EURJPY,127.1452,09:10:01
0,EURCHF,1.0119,09:10:04
0,EURAUD,1.4957,09:10:07
0,BTCEUR,"37,858.85",09:10:10
0,USDCAD,1.2716,09:10:13
0,USDCHF,0.9182,09:10:16
0,USDAUD,1.3570,09:10:19
0,USDJPY,115.3590,09:10:21
0,BTCUSD,"41,674.00",09:10:24
0,INXINDEXSP,"4,363.49",09:10:28
0,DJIINDEXDJX,"33,794.66",09:10:31
0,GBPUSD,1.3308,09:10:34
0,GBPEUR,1.2072,09:10:37
0,GBPCAD,1.6922,09:10:40
0,GBPAUD,1.8059,09:10:43
0,GBPCHF,1.2219,09:10:46
0,BTCGBP,"31,308.22",09:10:48
0,EURUSD,1.1021,09:10:51
0,EURJPY,127.1327,09:10:54
0,EURCHF,1.0119,09:10:57
0,EURAUD,1.4956,09:11:00
0,BTCEUR,"37,804.15",09:11:03
0,USDCAD,1.2716,09:11:06
0,USDCHF,0.9182,09:11:09
0,USDAUD,1.3570,09:11:11
0,USDJPY,115.3590,09:11:16
0,BTCUSD,"41,674.00",09:11:19
0,INXINDEXSP,"4,363.49",09:11:22
0,DJIINDEXDJX,"33,794.66",09:11:24
0,GBPUSD,1.3308,09:11:27
0,GBPEUR,1.2076,09:11:30
0,GBPCAD,1.6920,09:11:33
0,GBPAUD,1.8066,09:11:36
0,GBPCHF,1.2225,09:11:39
0,BTCGBP,"31,308.22",09:11:42
0,EURUSD,1.1019,09:11:45
0,EURJPY,127.1345,09:11:48
0,EURCHF,1.0121,09:11:50
0,EURAUD,1.4960,09:11:53
0,BTCEUR,"37,819.57",09:11:56
0,USDCAD,1.2716,09:11:59
0,USDCHF,0.9186,09:12:02
0,USDAUD,1.3570,09:12:05
0,USDJPY,115.3740,09:12:08
0,BTCUSD,"41,674.00",09:12:11
0,INXINDEXSP,"4,363.49",09:12:13
0,DJIINDEXDJX,"33,794.66",09:12:17
0,GBPUSD,1.3308,09:12:20
0,GBPEUR,1.2076,09:12:23
0,GBPCAD,1.6918,09:12:26
0,GBPAUD,1.8067,09:12:29
0,GBPCHF,1.2225,09:12:31
0,BTCGBP,"31,315.93",09:12:35
0,EURUSD,1.1020,09:12:39
0,EURJPY,127.1375,09:12:41
0,EURCHF,1.0121,09:12:44
0,EURAUD,1.4961,09:12:47
0,BTCEUR,"37,819.57",09:12:50
0,USDCAD,1.2713,09:12:53
0,USDCHF,0.9186,09:12:56
0,USDAUD,1.3577,09:12:59
0,USDJPY,115.3740,09:13:01
0,BTCUSD,"41,674.00",09:13:04
0,INXINDEXSP,"4,363.49",09:13:07
0,DJIINDEXDJX,"33,794.66",09:13:10
0,GBPUSD,1.3308,09:13:13
0,GBPEUR,1.2077,09:13:16
0,GBPCAD,1.6922,09:13:19
0,GBPAUD,1.8067,09:13:22
0,GBPCHF,1.2226,09:13:24
0,BTCGBP,"31,315.93",09:13:27
0,EURUSD,1.1019,09:13:30
0,EURJPY,127.1123,09:13:33
0,EURCHF,1.0123,09:13:36
0,EURAUD,1.4960,09:13:39
0,BTCEUR,"37,819.99",09:13:42
0,USDCAD,1.2719,09:13:45
0,USDCHF,0.9187,09:13:47
0,USDAUD,1.3577,09:13:50
0,USDJPY,115.3570,09:13:53
0,BTCUSD,"41,674.00",09:13:57
0,INXINDEXSP,"4,363.49",09:14:00
0,DJIINDEXDJX,"33,794.66",09:14:03
0,GBPUSD,1.3308,09:14:06
0,GBPEUR,1.2076,09:14:09
0,GBPCAD,1.6924,09:14:12
0,GBPAUD,1.8069,09:14:15
0,GBPCHF,1.2227,09:14:18
0,BTCGBP,"31,319.05",09:14:20
0,EURUSD,1.1019,09:14:23
0,EURJPY,127.1113,09:14:26
0,EURCHF,1.0123,09:14:29
0,EURAUD,1.4960,09:14:32
0,BTCEUR,"37,819.99",09:14:35
0,USDCAD,1.2719,09:14:38
0,USDCHF,0.9187,09:14:41
0,USDAUD,1.3578,09:14:43
0,USDJPY,115.3570,09:14:46
0,BTCUSD,"41,674.00",09:14:49
0,INXINDEXSP,"4,363.49",09:14:52
0,DJIINDEXDJX,"33,794.66",09:14:55
0,GBPUSD,1.3309,09:14:58
0,GBPEUR,1.2079,09:15:01
0,GBPCAD,1.6924,09:15:04
0,GBPAUD,1.8072,09:15:07
0,GBPCHF,1.2227,09:15:10
0,BTCGBP,"31,187.09",09:15:13
0,EURUSD,1.1020,09:15:16
0,EURJPY,127.1206,09:15:19
0,EURCHF,1.0124,09:15:22
0,EURAUD,1.4963,09:15:25
0,BTCEUR,"37,817.49",09:15:28
0,USDCAD,1.2719,09:15:31
0,USDCHF,0.9187,09:15:34
0,USDAUD,1.3578,09:15:37
0,USDJPY,115.3660,09:15:40
0,BTCUSD,"41,498.40",09:15:42
0,INXINDEXSP,"4,363.49",09:15:45
0,DJIINDEXDJX,"33,794.66",09:15:48
0,GBPUSD,1.3309,09:15:51
0,GBPEUR,1.2078,09:15:54
0,GBPCAD,1.6927,09:15:57
0,GBPAUD,1.8072,09:16:00
0,GBPCHF,1.2224,09:16:03
0,BTCGBP,"31,177.13",09:16:06
0,EURUSD,1.1020,09:16:09
0,EURJPY,127.1310,09:16:12
0,EURCHF,1.0121,09:16:15
0,EURAUD,1.4963,09:16:18
0,BTCEUR,"37,817.49",09:16:20
0,USDCAD,1.2719,09:16:23
0,USDCHF,0.9185,09:16:26
0,USDAUD,1.3578,09:16:29
0,USDJPY,115.3660,09:16:32
0,BTCUSD,"41,498.40",09:16:35
0,INXINDEXSP,"4,363.49",09:16:37
0,DJIINDEXDJX,"33,794.66",09:16:40
0,GBPUSD,1.3311,09:16:43
0,GBPEUR,1.2080,09:16:46
0,GBPCAD,1.6929,09:16:49
0,GBPAUD,1.8074,09:16:52
0,GBPCHF,1.2225,09:16:55
0,BTCGBP,"31,177.13",09:16:58
0,EURUSD,1.1020,09:17:01
0,EURJPY,127.1545,09:17:04
0,EURCHF,1.0124,09:17:07
0,EURAUD,1.4966,09:17:10
0,BTCEUR,"37,817.49",09:17:13
0,USDCAD,1.2719,09:17:16
0,USDCHF,0.9185,09:17:19
0,USDAUD,1.3578,09:17:22
0,USDJPY,115.3510,09:17:24
0,BTCUSD,"41,498.40",09:17:27
0,INXINDEXSP,"4,363.49",09:17:30
0,DJIINDEXDJX,"33,794.66",09:17:33
0,GBPUSD,1.3311,09:17:36
0,GBPEUR,1.2078,09:17:39
0,GBPCAD,1.6928,09:17:42
0,GBPAUD,1.8076,09:17:45
0,GBPCHF,1.2224,09:17:48
0,BTCGBP,"31,177.13",09:17:51
0,EURUSD,1.1022,09:17:54
0,EURJPY,127.1433,09:17:57
0,EURCHF,1.0122,09:18:00
0,EURAUD,1.4966,09:18:02
0,BTCEUR,"37,649.42",09:18:05
0,USDCAD,1.2718,09:18:08
0,USDCHF,0.9183,09:18:11
0,USDAUD,1.3578,09:18:14
0,USDJPY,115.3510,09:18:17
0,BTCUSD,"41,498.40",09:18:20
0,INXINDEXSP,"4,363.49",09:18:22
0,DJIINDEXDJX,"33,794.66",09:18:26
0,GBPUSD,1.3310,09:18:28
0,GBPEUR,1.2075,09:18:31
0,GBPCAD,1.6927,09:18:34
0,GBPAUD,1.8075,09:18:37
0,GBPCHF,1.2223,09:18:43
0,BTCGBP,"31,179.20",09:18:46
0,EURUSD,1.1022,09:18:49
0,EURJPY,127.1200,09:18:52
0,EURCHF,1.0121,09:18:55
0,EURAUD,1.4965,09:18:58
0,BTCEUR,"37,649.42",09:19:00
0,USDCAD,1.2718,09:19:03
0,USDCHF,0.9183,09:19:06
0,USDAUD,1.3580,09:19:10
0,USDJPY,115.3510,09:19:13
0,BTCUSD,"41,498.40",09:19:16
0,INXINDEXSP,"4,363.49",09:19:18
0,DJIINDEXDJX,"33,794.66",09:19:22
0,GBPUSD,1.3310,09:19:25
0,GBPEUR,1.2076,09:19:27
0,GBPCAD,1.6928,09:19:30
0,GBPAUD,1.8075,09:19:33
0,GBPCHF,1.2226,09:19:36
0,BTCGBP,"31,179.20",09:19:39
0,EURUSD,1.1023,09:19:42
0,EURJPY,127.1480,09:19:45
0,EURCHF,1.0123,09:19:48
0,EURAUD,1.4969,09:19:51
0,BTCEUR,"37,647.76",09:19:56
0,USDCAD,1.2717,09:19:59
0,USDCHF,0.9183,09:20:02
0,USDAUD,1.3580,09:20:05
0,USDJPY,115.3500,09:20:08
0,BTCUSD,"41,498.40",09:20:11
0,INXINDEXSP,"4,363.49",09:20:13
0,DJIINDEXDJX,"33,794.66",09:20:17
0,GBPUSD,1.3310,09:20:19
0,GBPEUR,1.2076,09:20:22
0,GBPCAD,1.6929,09:20:25
0,GBPAUD,1.8079,09:20:28
0,GBPCHF,1.2225,09:20:31
0,BTCGBP,"31,124.13",09:20:34
0,EURUSD,1.1023,09:20:37
0,EURJPY,127.1515,09:20:39
0,EURCHF,1.0123,09:20:42
0,EURAUD,1.4965,09:20:45
0,BTCEUR,"37,581.26",09:20:48
0,USDCAD,1.2717,09:20:51
0,USDCHF,0.9184,09:20:54
0,USDAUD,1.3580,09:20:57
0,USDJPY,115.3500,09:21:00
0,BTCUSD,"41,425.10",09:21:03
0,INXINDEXSP,"4,363.49",09:21:06
0,DJIINDEXDJX,"33,794.66",09:21:09
0,GBPUSD,1.3313,09:21:12
0,GBPEUR,1.2077,09:21:14
0,GBPCAD,1.6929,09:21:17
0,GBPAUD,1.8074,09:21:20
0,GBPCHF,1.2225,09:21:24
0,BTCGBP,"31,116.26",09:21:27
0,EURUSD,1.1023,09:21:30
0,EURJPY,127.1006,09:21:33
0,EURCHF,1.0121,09:21:36
0,EURAUD,1.4965,09:21:38
0,BTCEUR,"37,587.89",09:21:41
0,USDCAD,1.2719,09:21:44
0,USDCHF,0.9184,09:21:47
0,USDAUD,1.3577,09:21:50
0,USDJPY,115.3300,09:21:53
0,BTCUSD,"41,425.10",09:21:56
0,INXINDEXSP,"4,363.49",09:21:58
0,DJIINDEXDJX,"33,794.66",09:22:01
0,GBPUSD,1.3313,09:22:04
0,GBPEUR,1.2078,09:22:07
0,GBPCAD,1.6931,09:22:10
0,GBPAUD,1.8077,09:22:13
0,GBPCHF,1.2227,09:22:16
0,BTCGBP,"31,116.26",09:22:19
0,EURUSD,1.1021,09:22:22
0,EURJPY,127.1006,09:22:25
0,EURCHF,1.0122,09:22:28
0,EURAUD,1.4966,09:22:30
0,BTCEUR,"37,587.89",09:22:33
0,USDCAD,1.2719,09:22:36
0,USDCHF,0.9184,09:22:39
0,USDAUD,1.3580,09:22:42
0,USDJPY,115.3300,09:22:45
0,BTCUSD,"41,425.10",09:22:47
0,INXINDEXSP,"4,363.49",09:22:50
0,DJIINDEXDJX,"33,794.66",09:22:54
0,GBPUSD,1.3310,09:22:57
0,GBPEUR,1.2077,09:22:59
0,GBPCAD,1.6930,09:23:02
0,GBPAUD,1.8075,09:23:05
0,GBPCHF,1.2225,09:23:08
0,BTCGBP,"31,121.23",09:23:11
0,EURUSD,1.1021,09:23:14
0,EURJPY,127.1175,09:23:17
0,EURCHF,1.0123,09:23:20
0,EURAUD,1.4968,09:23:23
0,BTCEUR,"37,583.75",09:23:26
0,USDCAD,1.2719,09:23:28
0,USDCHF,0.9184,09:23:31
0,USDAUD,1.3580,09:23:35
0,USDJPY,115.3300,09:23:38
0,BTCUSD,"41,425.10",09:23:41
0,INXINDEXSP,"4,363.49",09:23:43
0,DJIINDEXDJX,"33,794.66",09:23:46
0,GBPUSD,1.3310,09:23:49
0,GBPEUR,1.2078,09:23:52
0,GBPCAD,1.6932,09:23:55
0,GBPAUD,1.8079,09:23:58
0,GBPCHF,1.2226,09:24:01
0,BTCGBP,"31,121.23",09:24:04
0,EURUSD,1.1022,09:24:07
0,EURJPY,127.1212,09:24:10
0,EURCHF,1.0123,09:24:12
0,EURAUD,1.4968,09:24:15
0,BTCEUR,"37,583.75",09:24:18
0,USDCAD,1.2719,09:24:21
0,USDCHF,0.9184,09:24:24
0,USDAUD,1.3585,09:24:27
0,USDJPY,115.3320,09:24:30
0,BTCUSD,"41,425.10",09:24:32
0,INXINDEXSP,"4,363.49",09:24:35
0,DJIINDEXDJX,"33,794.66",09:24:38
0,GBPUSD,1.3312,09:24:41
0,GBPEUR,1.2077,09:24:44
0,GBPCAD,1.6931,09:24:47
0,GBPAUD,1.8084,09:24:50
0,GBPCHF,1.2226,09:24:52
0,BTCGBP,"31,119.57",09:24:56
0,EURUSD,1.1022,09:24:58
0,EURJPY,127.1235,09:25:01
0,EURCHF,1.0124,09:25:04
0,EURAUD,1.4974,09:25:07
0,BTCEUR,"37,758.31",09:25:10
0,USDCAD,1.2719,09:25:13
0,USDCHF,0.9186,09:25:16
0,USDAUD,1.3585,09:25:18
0,USDJPY,115.3460,09:25:21
0,BTCUSD,"41,617.50",09:25:24
0,INXINDEXSP,"4,363.49",09:25:27
0,DJIINDEXDJX,"33,794.66",09:25:30
0,GBPUSD,1.3312,09:25:33
0,GBPEUR,1.2079,09:25:35
0,GBPCAD,1.6935,09:25:38
0,GBPAUD,1.8086,09:25:41
0,GBPCHF,1.2231,09:25:44
0,BTCGBP,"31,264.11",09:25:47
0,EURUSD,1.1022,09:25:50
0,EURJPY,127.1366,09:25:53
0,EURCHF,1.0126,09:25:56
0,EURAUD,1.4974,09:25:59
0,BTCEUR,"37,757.89",09:26:01
0,USDCAD,1.2719,09:26:04
0,USDCHF,0.9186,09:26:07
0,USDAUD,1.3585,09:26:10
0,USDJPY,115.3460,09:26:13
0,BTCUSD,"41,617.50",09:26:15
0,INXINDEXSP,"4,363.49",09:26:18
0,DJIINDEXDJX,"33,794.66",09:26:21
0,GBPUSD,1.3312,09:26:24
0,GBPEUR,1.2079,09:26:27
0,GBPCAD,1.6935,09:26:30
0,GBPAUD,1.8086,09:26:33
0,GBPCHF,1.2231,09:26:36
0,BTCGBP,"31,264.11",09:26:39
0,EURUSD,1.1023,09:26:42
0,EURJPY,127.1165,09:26:44
0,EURCHF,1.0126,09:26:47
0,EURAUD,1.4971,09:26:50
0,BTCEUR,"37,757.89",09:26:53
0,USDCAD,1.2719,09:26:56
0,USDCHF,0.9186,09:26:59
0,USDAUD,1.3584,09:27:01
0,USDJPY,115.3460,09:27:04
0,BTCUSD,"41,617.50",09:27:07
0,INXINDEXSP,"4,363.49",09:27:10
0,DJIINDEXDJX,"33,794.66",09:27:13
0,GBPUSD,1.3316,09:27:16
0,GBPEUR,1.2081,09:27:20
0,GBPCAD,1.6936,09:27:23
0,GBPAUD,1.8087,09:27:26
0,GBPCHF,1.2231,09:27:28
0,BTCGBP,"31,253.70",09:27:31
0,EURUSD,1.1023,09:27:34
0,EURJPY,127.1165,09:27:37
0,EURCHF,1.0123,09:27:40
0,EURAUD,1.4970,09:27:43
0,BTCEUR,"37,757.89",09:27:46
0,USDCAD,1.2719,09:27:49
0,USDCHF,0.9186,09:27:51
0,USDAUD,1.3584,09:27:54
0,USDJPY,115.3460,09:27:57
0,BTCUSD,"41,617.50",09:28:00
0,INXINDEXSP,"4,363.49",09:28:02
0,DJIINDEXDJX,"33,794.66",09:28:06
0,GBPUSD,1.3316,09:28:08
0,GBPEUR,1.2082,09:28:11
0,GBPCAD,1.6933,09:28:14
0,GBPAUD,1.8088,09:28:17
0,GBPCHF,1.2230,09:28:20
0,BTCGBP,"31,253.70",09:28:23
0,EURUSD,1.1021,09:28:26
0,EURJPY,127.1216,09:28:29
0,EURCHF,1.0123,09:28:32
0,EURAUD,1.4968,09:28:35
0,BTCEUR,"37,762.89",09:28:38
0,USDCAD,1.2717,09:28:41
0,USDCHF,0.9185,09:28:44
0,USDAUD,1.3580,09:28:47
0,USDJPY,115.3475,09:28:50
0,BTCUSD,"41,617.50",09:28:53
0,INXINDEXSP,"4,363.49",09:28:56
0,DJIINDEXDJX,"33,794.66",09:28:59
0,GBPUSD,1.3317,09:29:02
0,GBPEUR,1.2083,09:29:05
0,GBPCAD,1.6935,09:29:08
0,GBPAUD,1.8085,09:29:11
0,GBPCHF,1.2232,09:29:14
0,BTCGBP,"31,251.62",09:29:17
0,EURUSD,1.1020,09:29:20
0,EURJPY,127.1131,09:29:23
0,EURCHF,1.0122,09:29:26
0,EURAUD,1.4965,09:29:29
0,BTCEUR,"37,765.38",09:29:32
0,USDCAD,1.2717,09:29:35
0,USDCHF,0.9185,09:29:38
0,USDAUD,1.3580,09:29:41
0,USDJPY,115.3610,09:29:44
0,BTCUSD,"41,617.50",09:29:47
0,INXINDEXSP,"4,363.49",09:29:49
0,DJIINDEXDJX,"33,794.66",09:29:52
0,GBPUSD,1.3317,09:29:56
0,GBPEUR,1.2081,09:29:59
0,GBPCAD,1.6933,09:30:02
0,GBPAUD,1.8086,09:30:04
0,GBPCHF,1.2231,09:30:07
0,BTCGBP,"31,308.09",09:30:10
0,EURUSD,1.1020,09:30:13
0,EURJPY,127.1301,09:30:16
0,EURCHF,1.0123,09:30:19
0,EURAUD,1.4965,09:30:22
0,BTCEUR,"37,833.62",09:30:25
0,USDCAD,1.2717,09:30:28
0,USDCHF,0.9185,09:30:31
0,USDAUD,1.3578,09:30:33
0,USDJPY,115.3610,09:30:37
0,BTCUSD,"41,692.70",09:30:40
0,INXINDEXSP,"4,363.49",09:30:43
0,DJIINDEXDJX,"33,794.66",09:30:46
0,GBPUSD,1.3317,09:30:49
0,GBPEUR,1.2081,09:30:51
0,GBPCAD,1.6933,09:30:54
0,GBPAUD,1.8082,09:30:57
0,GBPCHF,1.2232,09:31:00
0,BTCGBP,"31,309.34",09:31:03
0,EURUSD,1.1020,09:31:06
0,EURJPY,127.1575,09:31:09
0,EURCHF,1.0123,09:31:12
0,EURAUD,1.4965,09:31:15
0,BTCEUR,"37,833.62",09:31:18
0,USDCAD,1.2717,09:31:21
0,USDCHF,0.9185,09:31:24
0,USDAUD,1.3578,09:31:27
0,USDJPY,115.3610,09:31:30
0,BTCUSD,"41,692.70",09:31:32
0,INXINDEXSP,"4,363.49",09:31:35
0,DJIINDEXDJX,"33,794.66",09:31:38
0,GBPUSD,1.3316,09:31:42
0,GBPEUR,1.2084,09:31:45
0,GBPCAD,1.6931,09:31:48
0,GBPAUD,1.8082,09:31:50
0,GBPCHF,1.2231,09:31:53
0,BTCGBP,"31,309.34",09:31:57
0,EURUSD,1.1021,09:31:59
0,EURJPY,127.1417,09:32:02
0,EURCHF,1.0123,09:32:06
0,EURAUD,1.4965,09:32:09
0,BTCEUR,"37,829.04",09:32:11
0,USDCAD,1.2717,09:32:14
0,USDCHF,0.9185,09:32:17
0,USDAUD,1.3578,09:32:20
0,USDJPY,115.3745,09:32:23
0,BTCUSD,"41,692.70",09:32:26
0,INXINDEXSP,"4,363.49",09:32:29
0,DJIINDEXDJX,"33,794.66",09:32:32
0,GBPUSD,1.3319,09:32:35
0,GBPEUR,1.2085,09:32:37
0,GBPCAD,1.6930,09:32:40
0,GBPAUD,1.8083,09:32:43
0,GBPCHF,1.2232,09:32:46
0,BTCGBP,"31,309.34",09:32:49
0,EURUSD,1.1021,09:32:52
0,EURJPY,127.1450,09:32:55
0,EURCHF,1.0124,09:32:58
0,EURAUD,1.4963,09:33:01
0,BTCEUR,"37,829.04",09:33:04
0,USDCAD,1.2713,09:33:07
0,USDCHF,0.9185,09:33:10
0,USDAUD,1.3577,09:33:13
0,USDJPY,115.3745,09:33:15
0,BTCUSD,"41,692.70",09:33:18
0,INXINDEXSP,"4,363.49",09:33:22
0,DJIINDEXDJX,"33,794.66",09:33:25
0,GBPUSD,1.3319,09:33:28
0,GBPEUR,1.2085,09:33:31
0,GBPCAD,1.6930,09:33:34
0,GBPAUD,1.8083,09:33:37
0,GBPCHF,1.2232,09:33:40
0,BTCGBP,"31,304.34",09:33:43
0,EURUSD,1.1020,09:33:46
0,EURJPY,127.1414,09:33:49
0,EURCHF,1.0122,09:33:52
0,EURAUD,1.4962,09:33:55
0,BTCEUR,"37,834.04",09:33:58
0,USDCAD,1.2713,09:34:01
0,USDCHF,0.9185,09:34:04
0,USDAUD,1.3577,09:34:06
0,USDJPY,115.3745,09:34:09
0,BTCUSD,"41,692.70",09:34:12
0,INXINDEXSP,"4,363.49",09:34:15
0,DJIINDEXDJX,"33,794.66",09:34:18
0,GBPUSD,1.3319,09:34:21
0,GBPEUR,1.2086,09:34:24
0,GBPCAD,1.6932,09:34:27
0,GBPAUD,1.8082,09:34:30
0,GBPCHF,1.2233,09:34:33
0,BTCGBP,"31,306.01",09:34:36
0,EURUSD,1.1020,09:34:39
0,EURJPY,127.1537,09:34:42
0,EURCHF,1.0122,09:34:45
0,EURAUD,1.4959,09:34:48
0,BTCEUR,"37,834.04",09:34:51
0,USDCAD,1.2714,09:34:53
0,USDCHF,0.9185,09:34:56
0,USDAUD,1.3574,09:34:59
0,USDJPY,115.3850,09:35:02
0,BTCUSD,"41,692.70",09:35:05
0,INXINDEXSP,"4,363.49",09:35:08
0,DJIINDEXDJX,"33,794.66",09:35:11
0,GBPUSD,1.3318,09:35:14
0,GBPEUR,1.2085,09:35:17
0,GBPCAD,1.6932,09:35:20
0,GBPAUD,1.8078,09:35:23
0,GBPCHF,1.2233,09:35:26
0,BTCGBP,"31,269.14",09:35:29
0,EURUSD,1.1018,09:35:32
0,EURJPY,127.1323,09:35:35
0,EURCHF,1.0121,09:35:39
0,EURAUD,1.4956,09:35:42
0,BTCEUR,"37,789.48",09:35:45
0,USDCAD,1.2714,09:35:48
0,USDCHF,0.9185,09:35:50
0,USDAUD,1.3574,09:35:53
0,USDJPY,115.3850,09:35:56
0,BTCUSD,"41,643.60",09:35:59
0,INXINDEXSP,"4,363.49",09:36:02
0,DJIINDEXDJX,"33,794.66",09:36:05
0,GBPUSD,1.3318,09:36:08
0,GBPEUR,1.2086,09:36:11
0,GBPCAD,1.6931,09:36:14
0,GBPAUD,1.8074,09:36:17
0,GBPCHF,1.2230,09:36:20
0,BTCGBP,"31,269.14",09:36:23
0,EURUSD,1.1018,09:36:26
0,EURJPY,127.1323,09:36:29
0,EURCHF,1.0121,09:36:32
0,EURAUD,1.4959,09:36:34
0,BTCEUR,"37,796.56",09:36:37
0,USDCAD,1.2714,09:36:40
0,USDCHF,0.9185,09:36:43
0,USDAUD,1.3576,09:36:46
0,USDJPY,115.3750,09:36:49
0,BTCUSD,"41,643.60",09:36:52
0,INXINDEXSP,"4,363.49",09:36:55
0,DJIINDEXDJX,"33,794.66",09:36:58
0,GBPUSD,1.3315,09:37:01
0,GBPEUR,1.2085,09:37:04
0,GBPCAD,1.6929,09:37:07
0,GBPAUD,1.8076,09:37:10
0,GBPCHF,1.2229,09:37:12
0,BTCGBP,"31,275.80",09:37:16
0,EURUSD,1.1018,09:37:19
0,EURJPY,127.2000,09:37:21
0,EURCHF,1.0119,09:37:24
0,EURAUD,1.4959,09:37:28
0,BTCEUR,"37,796.56",09:37:30
0,USDCAD,1.2714,09:37:34
0,USDCHF,0.9184,09:37:37
0,USDAUD,1.3576,09:37:39
0,USDJPY,115.3750,09:37:42
0,BTCUSD,"41,643.60",09:37:45
0,INXINDEXSP,"4,363.49",09:37:48
0,DJIINDEXDJX,"33,794.66",09:37:51
0,GBPUSD,1.3315,09:37:54
0,GBPEUR,1.2085,09:37:57
0,GBPCAD,1.6928,09:38:00
0,GBPAUD,1.8076,09:38:03
0,GBPCHF,1.2229,09:38:06
0,BTCGBP,"31,275.80",09:38:09
0,EURUSD,1.1018,09:38:12
0,EURJPY,127.1202,09:38:15
0,EURCHF,1.0119,09:38:18
0,EURAUD,1.4958,09:38:21
0,BTCEUR,"37,796.56",09:38:23
0,USDCAD,1.2714,09:38:26
0,USDCHF,0.9185,09:38:29
0,USDAUD,1.3576,09:38:32
0,USDJPY,115.3750,09:38:35
0,BTCUSD,"41,643.60",09:38:38
0,INXINDEXSP,"4,363.49",09:38:41
0,DJIINDEXDJX,"33,794.66",09:38:44
0,GBPUSD,1.3315,09:38:47
0,GBPEUR,1.2085,09:38:50
0,GBPCAD,1.6930,09:38:53
0,GBPAUD,1.8077,09:38:57
0,GBPCHF,1.2230,09:39:00
0,BTCGBP,"31,274.55",09:39:03
0,EURUSD,1.1018,09:39:06
0,EURJPY,127.1169,09:39:09
0,EURCHF,1.0119,09:39:12
0,EURAUD,1.4957,09:39:14
0,BTCEUR,"37,801.56",09:39:17
0,USDCAD,1.2715,09:39:20
0,USDCHF,0.9185,09:39:23
0,USDAUD,1.3576,09:39:26
0,USDJPY,115.3720,09:39:29
0,BTCUSD,"41,643.60",09:39:32
0,INXINDEXSP,"4,363.49",09:39:35
0,DJIINDEXDJX,"33,794.66",09:39:38
0,GBPUSD,1.3316,09:39:41
0,GBPEUR,1.2087,09:39:44
0,GBPCAD,1.6930,09:39:48
0,GBPAUD,1.8077,09:39:51
0,GBPCHF,1.2230,09:39:54
0,BTCGBP,"31,274.55",09:39:57
0,EURUSD,1.1016,09:40:00
0,EURJPY,127.0915,09:40:02
0,EURCHF,1.0118,09:40:05
0,EURAUD,1.4955,09:40:08
0,BTCEUR,"37,807.19",09:40:11
0,USDCAD,1.2715,09:40:14
0,USDCHF,0.9185,09:40:17
0,USDAUD,1.3576,09:40:20
0,USDJPY,115.3720,09:40:23
0,BTCUSD,"41,649.80",09:40:26
0,INXINDEXSP,"4,363.49",09:40:29
0,DJIINDEXDJX,"33,794.66",09:40:32
0,GBPUSD,1.3316,09:40:35
0,GBPEUR,1.2084,09:40:38
0,GBPCAD,1.6927,09:40:41
0,GBPAUD,1.8081,09:40:44
0,GBPCHF,1.2229,09:40:47
0,BTCGBP,"31,286.29",09:40:50
0,EURUSD,1.1016,09:40:53
0,EURJPY,127.0926,09:40:56
0,EURCHF,1.0120,09:40:59
0,EURAUD,1.4960,09:41:01
0,BTCEUR,"37,807.19",09:41:04
0,USDCAD,1.2721,09:41:07
0,USDCHF,0.9186,09:41:10
0,USDAUD,1.3579,09:41:13
0,USDJPY,115.3730,09:41:16
0,BTCUSD,"41,649.80",09:41:19
0,INXINDEXSP,"4,363.49",09:41:22
0,DJIINDEXDJX,"33,794.66",09:41:25
0,GBPUSD,1.3312,09:41:28
0,GBPEUR,1.2088,09:41:31
0,GBPCAD,1.6939,09:41:34
0,GBPAUD,1.8082,09:41:37
0,GBPCHF,1.2232,09:41:40
0,BTCGBP,"31,286.29",09:41:43
0,EURUSD,1.1014,09:41:47
0,EURJPY,127.0684,09:41:50
0,EURCHF,1.0118,09:41:53
0,EURAUD,1.4955,09:41:56
0,BTCEUR,"37,816.35",09:41:59
0,USDCAD,1.2721,09:42:02
0,USDCHF,0.9186,09:42:05
0,USDAUD,1.3579,09:42:08
0,USDJPY,115.3730,09:42:11
0,BTCUSD,"41,649.80",09:42:14
0,INXINDEXSP,"4,363.49",09:42:17
0,DJIINDEXDJX,"33,794.66",09:42:20
0,GBPUSD,1.3312,09:42:23
0,GBPEUR,1.2088,09:42:26
0,GBPCAD,1.6937,09:42:29
0,GBPAUD,1.8080,09:42:32
0,GBPCHF,1.2231,09:42:35
0,BTCGBP,"31,280.87",09:42:38
0,EURUSD,1.1013,09:42:41
0,EURJPY,127.0649,09:42:44
0,EURCHF,1.0117,09:42:47
0,EURAUD,1.4955,09:42:50
0,BTCEUR,"37,816.35",09:42:53
0,USDCAD,1.2721,09:42:56
0,USDCHF,0.9186,09:42:59
0,USDAUD,1.3579,09:43:02
0,USDJPY,115.3715,09:43:04
0,BTCUSD,"41,649.80",09:43:07
0,INXINDEXSP,"4,363.49",09:43:10
0,DJIINDEXDJX,"33,794.66",09:43:13
0,GBPUSD,1.3315,09:43:17
0,GBPEUR,1.2087,09:43:20
0,GBPCAD,1.6937,09:43:23
0,GBPAUD,1.8080,09:43:26
0,GBPCHF,1.2232,09:43:29
0,BTCGBP,"31,280.87",09:43:32
0,EURUSD,1.1016,09:43:35
0,EURJPY,127.0891,09:43:37
0,EURCHF,1.0120,09:43:41
0,EURAUD,1.4958,09:43:43
0,BTCEUR,"37,809.69",09:43:46
0,USDCAD,1.2721,09:43:49
0,USDCHF,0.9187,09:43:53
0,USDAUD,1.3579,09:43:56
0,USDJPY,115.3715,09:43:59
0,BTCUSD,"41,649.80",09:44:02
0,INXINDEXSP,"4,363.49",09:44:05
0,DJIINDEXDJX,"33,794.66",09:44:08
0,GBPUSD,1.3315,09:44:12
0,GBPEUR,1.2088,09:44:15
0,GBPCAD,1.6938,09:44:18
0,GBPAUD,1.8079,09:44:21
0,GBPCHF,1.2233,09:44:24
0,BTCGBP,"31,280.87",09:44:27
0,EURUSD,1.1016,09:44:30
0,EURJPY,127.1014,09:44:33
0,EURCHF,1.0122,09:44:36
0,EURAUD,1.4962,09:44:39
0,BTCEUR,"37,809.69",09:44:42
0,USDCAD,1.2720,09:44:46
0,USDCHF,0.9188,09:44:49
0,USDAUD,1.3582,09:44:51
0,USDJPY,115.3750,09:44:54
0,BTCUSD,"41,649.80",09:44:57
0,INXINDEXSP,"4,363.49",09:45:00
0,DJIINDEXDJX,"33,794.66",09:45:03
0,GBPUSD,1.3314,09:45:06
0,GBPEUR,1.2086,09:45:09
0,GBPCAD,1.6935,09:45:12
0,GBPAUD,1.8082,09:45:15
0,GBPCHF,1.2233,09:45:18
0,BTCGBP,"31,280.37",09:45:21
0,EURUSD,1.1017,09:45:24
0,EURJPY,127.1139,09:45:27
0,EURCHF,1.0123,09:45:30
0,EURAUD,1.4964,09:45:33
0,BTCEUR,"37,799.81",09:45:36
0,USDCAD,1.2720,09:45:38
0,USDCHF,0.9188,09:45:41
0,USDAUD,1.3582,09:45:44
0,USDJPY,115.3750,09:45:47
0,BTCUSD,"41,645.80",09:45:50
0,INXINDEXSP,"4,363.49",09:45:53
0,DJIINDEXDJX,"33,794.66",09:45:56
0,GBPUSD,1.3314,09:45:59
0,GBPEUR,1.2085,09:46:02
0,GBPCAD,1.6937,09:46:05
0,GBPAUD,1.8086,09:46:08
0,GBPCHF,1.2234,09:46:11
0,BTCGBP,"31,280.37",09:46:14
0,EURUSD,1.1017,09:46:17
0,EURJPY,127.1139,09:46:20
0,EURCHF,1.0123,09:46:23
0,EURAUD,1.4967,09:46:26
0,BTCEUR,"37,799.81",09:46:29
0,USDCAD,1.2720,09:46:33
0,USDCHF,0.9187,09:46:35
0,USDAUD,1.3584,09:46:38
0,USDJPY,115.3930,09:46:41
0,BTCUSD,"41,645.80",09:46:44
0,INXINDEXSP,"4,363.49",09:46:47
0,DJIINDEXDJX,"33,794.66",09:46:50
0,GBPUSD,1.3316,09:46:53
0,GBPEUR,1.2086,09:46:56
0,GBPCAD,1.6937,09:46:59
0,GBPAUD,1.8089,09:47:02
0,GBPCHF,1.2233,09:47:05
0,BTCGBP,"31,272.46",09:47:08
0,EURUSD,1.1018,09:47:10
0,EURJPY,127.1315,09:47:13
0,EURCHF,1.0122,09:47:16
0,EURAUD,1.4967,09:47:19
0,BTCEUR,"37,799.81",09:47:22
0,USDCAD,1.2719,09:47:25
0,USDCHF,0.9187,09:47:28
0,USDAUD,1.3584,09:47:31
0,USDJPY,115.3930,09:47:34
0,BTCUSD,"41,645.80",09:47:36
0,INXINDEXSP,"4,363.49",09:47:39
0,DJIINDEXDJX,"33,794.66",09:47:42
0,GBPUSD,1.3316,09:47:45
0,GBPEUR,1.2087,09:47:48
0,GBPCAD,1.6939,09:47:51
0,GBPAUD,1.8093,09:47:55
0,GBPCHF,1.2237,09:47:58
0,BTCGBP,"31,272.46",09:48:01
0,EURUSD,1.1017,09:48:04
0,EURJPY,127.1281,09:48:08
0,EURCHF,1.0121,09:48:11
0,EURAUD,1.4966,09:48:14
0,BTCEUR,"37,801.48",09:48:17
0,USDCAD,1.2720,09:48:20
0,USDCHF,0.9187,09:48:22
0,USDAUD,1.3584,09:48:25
0,USDJPY,115.3860,09:48:28
0,BTCUSD,"41,645.80",09:48:31
0,INXINDEXSP,"4,363.49",09:48:34
0,DJIINDEXDJX,"33,794.66",09:48:37
0,GBPUSD,1.3316,09:48:40
0,GBPEUR,1.2088,09:48:43
0,GBPCAD,1.6939,09:48:46
0,GBPAUD,1.8091,09:48:49
0,GBPCHF,1.2235,09:48:52
0,BTCGBP,"31,271.62",09:48:55
0,EURUSD,1.1017,09:48:58
0,EURJPY,127.1215,09:49:00
0,EURCHF,1.0123,09:49:03
0,EURAUD,1.4969,09:49:07
0,BTCEUR,"37,801.48",09:49:09
0,USDCAD,1.2720,09:49:12
0,USDCHF,0.9187,09:49:15
0,USDAUD,1.3587,09:49:18
0,USDJPY,115.3860,09:49:21
0,BTCUSD,"41,645.80",09:49:24
0,INXINDEXSP,"4,363.49",09:49:27
0,DJIINDEXDJX,"33,794.66",09:49:30
0,GBPUSD,1.3317,09:49:33
0,GBPEUR,1.2088,09:49:36
0,GBPCAD,1.6933,09:49:39
0,GBPAUD,1.8090,09:49:41
0,GBPCHF,1.2237,09:49:44
0,BTCGBP,"31,271.62",09:49:47
0,EURUSD,1.1017,09:49:50
0,EURJPY,127.1261,09:49:53
0,EURCHF,1.0123,09:49:56
0,EURAUD,1.4969,09:49:59
0,BTCEUR,"37,799.81",09:50:02
0,USDCAD,1.2720,09:50:05
0,USDCHF,0.9189,09:50:07
0,USDAUD,1.3587,09:50:10
0,USDJPY,115.3860,09:50:13
0,BTCUSD,"41,596.50",09:50:16
0,INXINDEXSP,"4,363.49",09:50:19
0,DJIINDEXDJX,"33,794.66",09:50:23
0,GBPUSD,1.3317,09:50:26
0,GBPEUR,1.2084,09:50:29
0,GBPCAD,1.6933,09:50:32
0,GBPAUD,1.8102,09:50:35
0,GBPCHF,1.2238,09:50:38
0,BTCGBP,"31,234.60",09:50:41
0,EURUSD,1.1015,09:50:44
0,EURJPY,127.1122,09:50:47
0,EURCHF,1.0123,09:50:50
0,EURAUD,1.4973,09:50:53
0,BTCEUR,"37,755.06",09:50:56
0,USDCAD,1.2723,09:50:59
